id,web_name,full_name,team_short,team_name,position,price,price_change_this_gw,price_change_season,status,chance_playing_this_round,chance_playing_next_round,news,news_added,total_points,event_points,points_per_game,form,ep_next,ep_this,minutes,starts,goals_scored,assists,clean_sheets,goals_conceded,own_goals,penalties_saved,penalties_missed,yellow_cards,red_cards,saves,bonus,bps,expected_goals,expected_assists,expected_goal_involvements,expected_goals_conceded,clearances_blocks_interceptions,recoveries,tackles,defensive_contribution,defensive_contribution_per_90,influence,creativity,threat,ict_index,selected_by_percent,transfers_in_event,transfers_out_event,value_season,corners_and_indirect_freekicks_order,direct_freekicks_order,penalties_order,dreamteam_count
1,Raya,David Raya Martín,ARS,Arsenal,GKP,6.1,0.1,0.1,a,,,,,30,1,6.0,6.0,6.0,6.0,450,5,0,0,3,4,0,1,0,0,0,9,3,104,0.00,0.01,0.01,4.03,6,58,1,0,0.0,104.6,0.2,0.0,10.6,42.3,130471,50061,4.9,,,,1
2,Arrizabalaga,Kepa Arrizabalaga Revuelta,ARS,Arsenal,GKP,4.9,0.0,-0.1,a,,,,,0,0,0.0,0.0,0.0,0.0,0,0,0,0,0,0,0,0,0,0,0,0,0,0,0.00,0.00,0.00,0.00,0,0,0,0,0,0.0,0.0,0.0,0.0,0.1,114,265,0.0,,,,0
3,Meslier,Illan Meslier,ARS,Arsenal,GKP,4.9,0.0,-0.1,a,,,,,0,0,0.0,0.0,0.0,0.0,0,0,0,0,0,0,0,0,0,0,0,0,0,0,0.00,0.00,0.00,0.00,0,0,0,0,0,0.0,0.0,0.0,0.0,0.0,49,126,0.0,,,,0
4,Gabriel,Gabriel dos Santos Magalhães,ARS,Arsenal,DEF,8.0,0.0,0.0,a,,,,,25,1,5.0,4.0,4.0,4.0,450,5,0,0,3,4,0,0,0,2,0,0,2,90,0.51,0.20,0.71,4.03,35,17,6,41,8.2,94.8,22.0,84.0,20.0,22.7,26159,68612,3.1,,,,0
5,J.Timber,Jurriën Timber,ARS,Arsenal,DEF,6.5,0.0,0.0,a,100,100,,2026-07-23T12:01:23.272929Z,1,0,0.5,0.3,0.3,0.3,104,1,0,0,0,3,0,0,0,0,0,0,0,-3,0.00,0.03,0.03,2.18,2,7,3,5,4.33,10.2,4.2,0.0,1.5,0.4,13347,4331,0.2,,,,0
6,Saliba,William Saliba,ARS,Arsenal,DEF,5.9,0.0,-0.1,i,0,0,Back injury - Unknown return date,2026-07-23T12:01:23.289376Z,0,0,0.0,0.0,0.0,0.0,0,0,0,0,0,0,0,0,0,0,0,0,0,0,0.00,0.00,0.00,0.00,0,0,0,0,0,0.0,0.0,0.0,0.0,0.2,414,1145,0.0,,,,0
7,Lewis-Skelly,Myles Lewis-Skelly,ARS,Arsenal,MID,5.4,-0.1,-0.1,a,,,,,9,0,2.2,1.0,1.0,1.0,271,4,0,0,2,1,0,0,0,0,0,0,0,37,0.16,0.23,0.39,1.02,5,8,1,14,4.65,21.6,40.2,16.0,7.0,0.6,974,5075,1.7,,,,0
8,Calafiori,Riccardo Calafiori,ARS,Arsenal,DEF,5.8,0.0,0.3,a,,,,,29,1,5.8,3.0,3.0,3.0,416,5,0,2,3,4,0,0,0,0,0,0,2,76,0.67,0.62,1.29,3.76,12,13,6,18,3.89,71.6,52.7,66.0,19.1,50.5,80314,65785,5.0,,,,1
9,Hincapie,Piero Hincapié,ARS,Arsenal,DEF,5.2,-0.1,-0.3,a,,,,,2,0,1.0,0.3,0.3,0.3,32,0,0,0,0,0,0,0,0,0,0,0,0,6,0.00,0.00,0.00,0.28,2,0,1,3,8.44,6.4,1.0,2.0,1.0,0.9,1498,5836,0.4,,,,0
10,White,Benjamin White,ARS,Arsenal,DEF,5.5,0.0,0.0,d,100,75,Groin injury - 75% chance of playing,2026-09-20T19:30:08.247780Z,21,0,5.2,1.0,0.8,1.0,315,4,0,1,2,1,0,0,0,0,0,0,3,78,0.18,0.29,0.47,1.15,12,9,6,18,5.14,69.6,53.0,29.0,15.2,4.9,3273,69460,3.8,,,,0
11,Mosquera,Cristhian Mosquera,ARS,Arsenal,DEF,5.3,0.0,-0.2,a,100,100,,2026-09-04T14:00:08.080310Z,12,0,6.0,0.0,0.0,0.0,168,2,0,0,2,0,0,0,0,0,0,0,0,52,0.00,0.01,0.01,0.53,10,3,0,10,5.36,24.6,2.0,0.0,2.7,1.6,1258,9725,2.3,,,,0
12,Saka,Bukayo Saka,ARS,Arsenal,MID,9.5,0.0,0.0,a,,,,,32,2,6.4,4.0,4.0,4.0,416,5,3,0,3,4,0,0,0,0,0,0,4,137,3.22,0.98,4.20,3.58,8,17,6,31,6.71,155.6,125.6,240.0,52.1,13.8,117529,49252,3.4,2,2,1,0
13,Rice,Declan Rice,ARS,Arsenal,MID,7.4,0.0,-0.1,d,,75,Unspecified injury - 75% chance of playing,2026-09-21T13:00:08.896379Z,20,1,4.0,4.0,3.0,4.0,411,5,0,2,3,4,0,0,0,1,0,0,0,91,0.12,0.69,0.81,3.50,18,17,7,42,9.2,120.2,108.4,5.0,23.4,11.6,7678,87314,2.7,1,1,,0
14,Eze,Eberechi Eze,ARS,Arsenal,MID,6.2,-0.1,-0.3,a,,,,,4,1,1.0,0.7,0.7,0.7,85,0,0,0,0,0,0,0,0,0,0,0,0,18,0.04,0.09,0.13,1.33,0,5,0,5,5.29,3.0,5.9,9.0,1.6,1.0,2617,6997,0.6,,3,,0
15,Ødegaard,Martin Ødegaard,ARS,Arsenal,MID,6.8,0.0,0.3,a,,,,,29,2,5.8,5.0,5.0,5.0,377,5,2,0,3,4,0,0,0,0,0,0,6,137,1.08,1.32,2.40,3.23,5,12,6,23,5.49,121.8,166.9,73.0,36.2,19.8,81257,91114,4.3,,4,3,1
16,Madueke,Noni Madueke,ARS,Arsenal,MID,6.2,0.0,-0.3,a,,,,,2,0,1.0,0.3,0.3,0.3,23,0,0,0,0,0,0,0,0,0,0,0,0,11,0.00,0.05,0.05,0.15,0,2,1,3,11.74,11.6,43.9,0.0,5.6,0.2,759,1602,0.3,5,,,0
17,Merino,Mikel Merino Zazón,ARS,Arsenal,MID,5.7,-0.1,-0.3,a,,,,,4,1,0.8,0.7,0.7,0.7,81,0,0,0,0,0,0,0,0,1,0,0,0,19,0.14,0.15,0.29,0.96,1,9,0,10,11.11,10.0,4.2,16.0,3.0,0.4,789,2959,0.7,,,,0
18,Martinelli,Gabriel Martinelli Silva,ARS,Arsenal,MID,6.3,0.0,-0.2,u,0,0,Has joined Al Hilal permanently,2026-09-04T12:34:46.738449Z,0,0,0.0,0.0,0.0,0.0,0,0,0,0,0,0,0,0,0,0,0,0,0,0,0.00,0.00,0.00,0.00,0,0,0,0,0,0.0,0.0,0.0,0.0,0.1,0,591,0.0,,,,0
19,Zubimendi,Martín Zubimendi Ibáñez,ARS,Arsenal,MID,5.3,0.0,-0.2,a,,,,,5,1,1.0,1.0,1.0,1.0,89,0,0,0,0,0,0,0,0,0,0,0,0,16,0.21,0.04,0.25,1.38,5,3,4,12,12.13,13.4,5.0,29.0,4.8,0.6,519,3826,0.9,,,,0
20,Dowman,Max Dowman,ARS,Arsenal,MID,5.3,0.0,-0.2,a,,,,,1,1,1.0,0.3,0.3,0.3,9,0,0,0,0,0,0,0,0,0,0,0,0,4,0.00,0.08,0.08,0.31,0,0,0,0,0.0,2.0,14.8,0.0,1.7,0.1,468,600,0.2,,,,0
22,Nwaneri,Ethan Nwaneri,ARS,Arsenal,MID,5.4,0.0,-0.1,u,0,0,Has joined Borussia Dortmund on loan for the rest of the season,2026-09-02T16:01:07.058827Z,0,0,0.0,0.0,0.0,0.0,0,0,0,0,0,0,0,0,0,0,0,0,0,0,0.00,0.00,0.00,0.00,0,0,0,0,0,0.0,0.0,0.0,0.0,0.0,0,52,0.0,,,,0
23,Fábio Vieira,Fábio Ferreira Vieira,ARS,Arsenal,MID,5.5,0.0,0.0,u,0,0,Has joined Hamburger SV permanently,2026-09-02T16:00:28.446370Z,0,0,0.0,0.0,0.0,0.0,0,0,0,0,0,0,0,0,0,0,0,0,0,0,0.00,0.00,0.00,0.00,0,0,0,0,0,0.0,0.0,0.0,0.0,0.0,0,42,0.0,,,,0
24,Nelson,Reiss Nelson,ARS,Arsenal,MID,5.5,0.0,0.0,u,0,0,has departed the club as a free agent.,2026-08-29T00:33:08.556767Z,0,0,0.0,0.0,0.0,0.0,0,0,0,0,0,0,0,0,0,0,0,0,0,0,0.00,0.00,0.00,0.00,0,0,0,0,0,0.0,0.0,0.0,0.0,0.0,0,24,0.0,,,,0
25,Gyökeres,Viktor Gyökeres,ARS,Arsenal,FWD,7.1,-0.1,-0.4,a,,,,,2,1,1.0,0.7,0.7,0.7,29,0,0,0,0,0,0,0,0,0,0,0,0,7,0.00,0.23,0.23,0.65,0,1,0,1,3.1,0.0,14.7,0.0,1.4,3.1,13524,17517,0.3,,,2,0
26,Havertz,Kai Havertz,ARS,Arsenal,FWD,7.6,0.0,0.1,d,,75,Hamstring injury - 75% chance of playing,2026-09-24T22:00:09.120308Z,19,2,3.8,3.7,2.8,3.7,437,5,2,0,3,4,0,0,0,1,0,0,2,82,1.67,0.37,2.04,3.91,6,7,0,13,2.68,89.4,71.3,165.0,32.6,8.2,50665,67953,2.5,,,,0
27,G.Jesus,Gabriel Fernando de Jesus,ARS,Arsenal,FWD,5.9,0.0,-0.1,u,0,0,Has joined FC Barcelona permanently,2026-09-02T16:00:28.475184Z,0,0,0.0,0.0,0.0,0.0,0,0,0,0,0,0,0,0,0,0,0,0,0,0,0.00,0.00,0.00,0.00,0,0,0,0,0,0.0,0.0,0.0,0.0,0.1,0,1055,0.0,,,,0
31,Konsa,Ezri Konsa Ngoyo,ARS,Arsenal,DEF,4.6,0.1,0.1,a,,,,,12,1,3.0,3.7,3.7,3.7,281,3,0,0,1,4,0,0,0,0,0,0,0,36,0.23,0.02,0.25,3.50,18,9,5,23,7.37,45.0,14.0,14.0,7.3,19.4,93623,48648,2.6,,,,0
452,Bruno G.,Bruno Guimarães Rodriguez Moura,ARS,Arsenal,MID,6.7,0.0,-0.3,a,100,100,,2026-09-04T14:00:08.328779Z,9,1,3.0,2.7,2.7,2.7,123,1,1,0,0,3,0,0,0,0,0,0,1,45,0.09,0.16,0.25,2.18,3,8,1,12,8.78,41.0,6.5,19.0,6.6,1.8,5998,7888,1.3,4,,4,0
557,Tzolis,Christos Tzolis,ARS,Arsenal,MID,6.3,-0.1,-0.2,d,,75,Hamstring injury - 75% chance of playing,2026-10-02T15:00:11.091226Z,16,2,3.2,3.3,2.5,3.3,362,5,0,2,2,4,0,0,0,2,0,0,1,81,0.19,0.55,0.74,2.73,7,12,4,23,5.72,56.4,115.1,46.0,21.8,12.1,12412,147877,2.5,3,,,0
29,M.Bizot,Marco Bizot,AVL,Aston Villa,GKP,4.5,0.0,0.0,i,0,0,Back injury - Expected back 10 Oct,2026-09-17T07:30:09.058151Z,1,0,1.0,0.0,0.0,0.0,90,1,0,0,0,4,0,0,0,0,0,3,0,1,0.00,0.00,0.00,3.77,2,6,0,0,0.0,28.2,0.0,0.0,2.8,0.1,63,1037,0.2,,,,0
30,Digne,Lucas Digne,AVL,Aston Villa,DEF,4.5,0.0,0.0,u,0,0,Has joined Paris Saint-Germain permanently,2026-08-10T14:03:30.089007Z,0,0,0.0,0.0,0.0,0.0,0,0,0,0,0,0,0,0,0,0,0,0,0,0,0.00,0.00,0.00,0.00,0,0,0,0,0,0.0,0.0,0.0,0.0,0.0,0,238,0.0,,,,0
32,Cash,Matty Cash,AVL,Aston Villa,DEF,4.4,0.0,-0.1,a,100,100,,2026-09-09T14:30:08.192142Z,6,-1,1.5,1.7,1.7,1.7,296,3,0,0,1,7,0,0,0,2,0,0,0,16,0.15,0.04,0.19,5.95,11,2,6,17,5.17,36.4,22.3,13.0,7.2,4.8,2791,25781,1.4,3,,,0
33,Mings,Tyrone Mings,AVL,Aston Villa,DEF,4.5,0.0,0.0,a,,,,,10,3,2.5,3.0,3.0,3.0,261,2,0,0,1,4,0,0,0,1,0,0,0,43,0.20,0.02,0.22,4.43,20,7,4,24,8.28,59.8,5.6,17.0,8.2,0.4,1805,1464,2.2,,,,0
34,Pau,Pau Torres,AVL,Aston Villa,DEF,4.4,-0.1,-0.1,i,0,0,Hamstring injury - Expected back 10 Oct,2026-09-12T18:00:08.712707Z,3,0,1.0,0.3,0.0,0.0,187,3,0,0,0,5,0,0,0,0,0,0,0,-4,0.00,0.01,0.01,4.79,8,9,1,9,4.33,11.2,1.9,2.0,1.5,0.3,45,3218,0.7,,,,0
35,Bogarde,Lamare Bogarde,AVL,Aston Villa,MID,4.9,-0.1,-0.1,a,,,,,1,0,1.0,0.0,0.0,0.0,16,0,0,0,0,0,0,0,0,0,0,0,0,3,0.00,0.00,0.00,0.22,1,0,0,1,5.62,2.2,0.5,0.0,0.3,0.1,176,448,0.2,,,,0
36,Maatsen,Ian Maatsen,AVL,Aston Villa,DEF,4.4,-0.1,-0.1,i,0,0,Ankle injury - Unknown return date,2026-09-12T18:00:08.729468Z,9,0,2.2,2.7,0.0,0.0,335,4,0,0,1,7,0,0,0,1,0,0,1,22,0.28,0.45,0.73,6.54,17,10,7,24,6.45,34.8,24.5,43.0,10.2,0.5,51,6359,2.0,,,,0
37,Lindelöf,Victor Lindelöf,AVL,Aston Villa,DEF,4.5,0.0,0.0,a,,,,,8,1,1.6,2.7,2.7,2.7,450,5,0,0,1,9,1,0,0,0,0,0,0,28,0.44,0.17,0.61,9.22,21,7,1,22,4.4,74.4,37.3,37.0,14.9,0.3,1096,1343,1.8,,,,0
38,A.García,Andrés García,AVL,Aston Villa,DEF,4.0,0.0,0.0,a,,,,,0,0,0.0,0.0,0.0,0.0,0,0,0,0,0,0,0,0,0,0,0,0,0,0,0.00,0.00,0.00,0.00,0,0,0,0,0,0.0,0.0,0.0,0.0,1.5,1887,6220,0.0,,,,0
39,Nedeljkovic,Kosta Nedeljkovic,AVL,Aston Villa,DEF,4.0,0.0,0.0,u,0,0,Has joined Rangers on loan for the rest of the season,2026-08-19T13:56:46.385411Z,0,0,0.0,0.0,0.0,0.0,0,0,0,0,0,0,0,0,0,0,0,0,0,0,0.00,0.00,0.00,0.00,0,0,0,0,0,0.0,0.0,0.0,0.0,0.1,0,583,0.0,,,,0
41,Buendía,Emiliano Buendía Stati,AVL,Aston Villa,MID,5.9,0.0,-0.1,a,,,,,21,12,4.2,5.7,5.7,5.7,401,5,1,0,1,8,0,0,0,0,0,0,3,73,0.92,0.24,1.16,7.86,5,20,9,34,7.63,66.0,80.5,59.0,19.6,1.0,12701,4368,3.6,2,1,1,1
44,Bailey,Leon Bailey,AVL,Aston Villa,MID,5.4,0.0,-0.1,u,0,0,Has joined Olympiakos permanently,2026-09-04T12:35:14.472260Z,0,0,0.0,0.0,0.0,0.0,0,0,0,0,0,0,0,0,0,0,0,0,0,0,0.00,0.00,0.00,0.00,0,0,0,0,0,0.0,0.0,0.0,0.0,0.1,0,507,0.0,,,,0
45,McGinn,John McGinn,AVL,Aston Villa,MID,5.4,0.0,-0.1,a,,,,,17,6,3.4,5.0,5.0,5.0,434,5,0,2,2,7,0,0,0,2,0,0,1,65,0.77,0.24,1.01,8.29,8,17,5,30,6.22,52.4,84.9,15.0,14.8,2.2,7110,8828,3.1,1,,,0
46,Barkley,Ross Barkley,AVL,Aston Villa,MID,5.0,0.0,0.0,a,,,,,10,1,2.0,2.0,2.0,2.0,308,4,0,0,1,8,0,0,0,0,0,0,0,66,0.38,0.14,0.52,7.36,5,16,7,28,8.18,42.4,82.3,31.0,15.6,0.3,580,1804,2.0,4,,,0
47,Kamara,Boubacar Kamara,AVL,Aston Villa,MID,5.0,0.0,0.0,a,100,100,,2026-07-23T12:01:23.337269Z,15,6,3.0,3.7,3.7,3.7,443,5,0,1,2,7,0,0,0,0,0,0,0,85,0.12,0.16,0.28,8.44,11,16,9,36,7.31,68.0,68.8,6.0,14.3,0.3,1358,1610,3.0,,,,0
48,Onana,Amadou Onana,AVL,Aston Villa,MID,4.9,0.0,-0.1,i,0,0,Knee injury - Unknown return date,2026-07-23T12:01:23.352497Z,0,0,0.0,0.0,0.0,0.0,0,0,0,0,0,0,0,0,0,0,0,0,0,0,0.00,0.00,0.00,0.00,0,0,0,0,0,0.0,0.0,0.0,0.0,0.0,43,98,0.0,,,,0
49,Iling Jr,Samuel Iling-Junior,AVL,Aston Villa,MID,5.0,0.0,0.0,u,0,0,Has joined Bolton Wanderers on loan for the rest of the season,2026-08-17T13:52:28.532616Z,0,0,0.0,0.0,0.0,0.0,0,0,0,0,0,0,0,0,0,0,0,0,0,0,0.00,0.00,0.00,0.00,0,0,0,0,0,0.0,0.0,0.0,0.0,0.0,0,11,0.0,,,,0
50,Burrowes,Bradley Burrowes,AVL,Aston Villa,MID,4.5,0.0,0.0,a,,,,,0,0,0.0,0.0,0.0,0.0,0,0,0,0,0,0,0,0,0,0,0,0,0,0,0.00,0.00,0.00,0.00,0,0,0,0,0,0.0,0.0,0.0,0.0,0.6,652,3464,0.0,,,,0
51,George Hemmings,George Hemmings,AVL,Aston Villa,MID,4.5,0.0,0.0,a,,,,,9,1,1.8,1.7,1.7,1.7,297,4,0,0,1,7,0,0,0,0,0,0,0,34,0.07,0.16,0.23,6.26,3,10,6,19,5.76,25.2,42.1,25.0,9.1,1.2,3274,9885,2.0,,,,0
52,Alysson,Alysson Edward Franco da Rocha dos Santos,AVL,Aston Villa,MID,5.0,0.0,0.0,d,,75,Unspecified injury - 75% chance of playing,2026-09-19T11:30:09.355376Z,8,0,2.0,2.3,1.7,2.3,87,0,1,0,0,2,0,0,0,1,0,0,0,34,0.06,0.00,0.06,2.40,2,4,2,8,8.28,39.8,4.9,25.0,7.0,0.0,69,801,1.6,,,,0
53,Manzambi,Johan Manzambi,AVL,Aston Villa,MID,5.9,0.0,-0.1,a,100,100,,2026-08-15T15:30:06.388335Z,14,13,7.0,4.7,4.7,4.7,98,1,1,1,1,1,0,0,0,0,0,0,2,48,0.44,0.24,0.68,1.54,2,5,2,9,8.27,65.8,29.8,60.0,15.6,0.4,28756,3482,2.4,,,,1
54,Gomes,Joao Gomes,AVL,Aston Villa,MID,5.5,0.0,0.0,a,100,100,,2026-09-16T19:30:08.742410Z,2,4,1.0,1.3,1.3,1.3,129,2,0,0,0,6,0,0,0,0,1,0,0,11,0.00,0.03,0.03,4.14,6,5,9,20,13.95,23.6,24.8,0.0,4.8,0.0,481,199,0.4,,,,0
55,Watkins,Ollie Watkins,AVL,Aston Villa,FWD,7.8,0.0,-0.2,u,0,0,Has joined Al Hilal permanently,2026-09-01T13:15:16.698799Z,0,0,0.0,0.0,0.0,0.0,0,0,0,0,0,0,0,0,0,0,0,0,0,0,0.00,0.00,0.00,0.00,0,0,0,0,0,0.0,0.0,0.0,0.0,2.5,0,13213,0.0,,,,0
56,Abraham,Tammy Abraham,AVL,Aston Villa,FWD,5.5,0.0,0.0,a,100,100,,2026-08-15T16:00:07.558543Z,4,1,1.0,1.0,1.0,1.0,71,0,0,0,0,3,0,0,0,0,0,0,0,13,0.00,0.00,0.00,2.69,0,1,1,2,2.54,3.2,6.2,2.0,1.1,0.2,1753,1777,0.7,,,,0
160,Garnacho,Alejandro Garnacho Ferreyra,AVL,Aston Villa,MID,5.8,0.0,-0.2,a,,,,,3,0,1.0,0.3,0.3,0.3,31,0,0,0,0,0,0,0,0,0,0,0,0,9,0.00,0.00,0.00,0.49,0,2,0,2,5.81,1.2,3.6,0.0,0.5,0.3,561,2827,0.5,,,,0
166,N.Jackson,Nicolas Jackson,AVL,Aston Villa,FWD,6.5,0.0,0.0,a,,,,,10,6,2.5,2.7,2.7,2.7,286,4,1,0,1,2,0,0,0,2,0,0,1,52,0.68,0.60,1.28,2.75,1,8,0,9,2.83,42.8,36.8,76.0,15.4,1.5,37931,8413,1.5,,,2,0
582,Madjo,Brian Madjo,AVL,Aston Villa,FWD,5.4,0.0,-0.1,i,0,0,Unspecified injury - Unknown return date,2026-08-15T16:00:07.974271Z,0,0,0.0,0.0,0.0,0.0,0,0,0,0,0,0,0,0,0,0,0,0,0,0,0.00,0.00,0.00,0.00,0,0,0,0,0,0.0,0.0,0.0,0.0,0.2,242,1822,0.0,,,,0
596,Ruggeri,Matteo Ruggeri,AVL,Aston Villa,DEF,4.5,0.0,0.0,a,,,,,5,3,1.7,1.3,1.3,1.3,113,1,0,0,0,2,0,0,0,0,0,0,0,17,0.03,0.02,0.05,2.05,14,11,2,16,12.74,26.0,14.1,1.0,4.1,0.1,556,347,1.1,,,,0
597,Suzuki,Zion Suzuki,AVL,Aston Villa,GKP,5.0,0.0,0.0,a,,,,,16,2,4.0,4.7,4.7,4.7,360,4,0,0,1,5,0,0,0,0,0,15,3,80,0.00,0.01,0.01,5.45,8,43,0,0,0.0,115.6,0.0,0.0,11.6,1.9,13950,6786,3.2,,,,1
606,Rowe,Triston Rowe,AVL,Aston Villa,DEF,4.0,0.0,0.0,a,,,,,0,0,0.0,0.0,0.0,0.0,0,0,0,0,0,0,0,0,0,0,0,0,0,0,0.00,0.00,0.00,0.00,0,0,0,0,0,0.0,0.0,0.0,0.0,0.2,323,919,0.0,,,,0
607,Lynch,Luka Lynch,AVL,Aston Villa,MID,4.5,0.0,0.0,u,0,0,Has joined Oxford United on loan until January,2026-09-04T12:35:39.820426Z,0,0,0.0,0.0,0.0,0.0,0,0,0,0,0,0,0,0,0,0,0,0,0,0,0.00,0.00,0.00,0.00,0,0,0,0,0,0.0,0.0,0.0,0.0,0.1,0,720,0.0,,,,0
611,Wan-Bissaka,Aaron Wan-Bissaka,AVL,Aston Villa,DEF,4.5,0.0,0.0,a,,,,,6,1,1.5,1.7,1.7,1.7,152,2,0,0,0,2,0,0,0,0,0,0,0,24,0.00,0.07,0.07,3.27,12,1,9,21,12.43,42.8,16.4,0.0,5.9,0.2,1484,1462,1.3,,,,0
618,Goretzka,Leon Goretzka,AVL,Aston Villa,MID,5.9,0.0,-0.1,i,0,0,Knee injury - Expected back 10 Oct,2026-09-09T09:30:08.229436Z,0,0,0.0,0.0,0.0,0.0,0,0,0,0,0,0,0,0,0,0,0,0,0,0,0.00,0.00,0.00,0.00,0,0,0,0,0,0.0,0.0,0.0,0.0,0.0,27,425,0.0,,,,0
630,Harwood-Bellis,Taylor Harwood-Bellis,AVL,Aston Villa,DEF,4.5,0.0,0.0,a,,,,,0,0,0.0,0.0,0.0,0.0,0,0,0,0,0,0,0,0,0,0,0,0,0,0,0.00,0.00,0.00,0.00,0,0,0,0,0,0.0,0.0,0.0,0.0,0.0,202,191,0.0,,,,0
631,Mbaye,Ibrahim Mbaye,AVL,Aston Villa,MID,6.0,0.0,0.0,a,,,,,2,1,1.0,0.7,0.7,0.7,33,0,0,0,0,3,0,0,0,0,0,0,0,8,0.02,0.13,0.15,1.64,0,1,1,2,5.45,9.0,15.2,19.0,4.3,0.1,937,1141,0.3,,,,0
667,Wright,James Wright,AVL,Aston Villa,GKP,4.0,0.0,0.0,a,,,,,0,0,0.0,0.0,1.0,1.0,0,0,0,0,0,0,0,0,0,0,0,0,0,0,0.00,0.00,0.00,0.00,0,0,0,0,0,0.0,0.0,0.0,0.0,0.1,7409,889,0.0,,,,0
57,Petrović,Đorđe Petrović,BOU,Bournemouth,GKP,4.5,0.0,0.0,a,,,,,9,2,1.8,1.3,1.3,1.3,450,5,0,0,0,8,0,0,0,0,0,11,0,45,0.00,0.00,0.00,6.95,6,43,0,0,0.0,92.2,0.0,0.0,9.2,3.0,6505,12134,2.0,,,,0
58,Forster,Fraser Forster,BOU,Bournemouth,GKP,4.0,0.0,0.0,a,,,,,0,0,0.0,0.0,0.0,0.0,0,0,0,0,0,0,0,0,0,0,0,0,0,0,0.00,0.00,0.00,0.00,0,0,0,0,0,0.0,0.0,0.0,0.0,3.5,8389,7536,0.0,,,,0
59,Dennis,Will Dennis,BOU,Bournemouth,GKP,4.0,0.0,0.0,u,0,0,Has joined MK Dons permanently,2026-08-27T14:53:48.692835Z,0,0,0.0,0.0,0.0,0.0,0,0,0,0,0,0,0,0,0,0,0,0,0,0,0.00,0.00,0.00,0.00,0,0,0,0,0,0.0,0.0,0.0,0.0,0.1,0,570,0.0,,,,0
60,Hill,James Hill,BOU,Bournemouth,DEF,5.5,0.0,0.0,a,,,,,12,4,2.4,2.3,2.3,2.3,450,5,0,0,0,8,0,0,0,1,0,0,0,43,0.00,0.79,0.79,6.95,41,11,9,50,10.0,119.6,69.3,6.0,19.5,0.8,3304,3200,2.2,,,,0
61,Truffert,Adrien Truffert,BOU,Bournemouth,DEF,5.4,-0.1,-0.1,a,,,,,10,2,2.0,1.7,1.7,1.7,450,5,0,0,0,8,0,0,0,1,0,0,2,53,0.11,0.29,0.40,6.95,28,24,17,45,9.0,104.6,70.5,39.0,21.5,3.0,4762,12544,1.9,,,,0
62,Diakité,Bafodé Diakité,BOU,Bournemouth,DEF,4.9,-0.1,-0.1,a,,,,,0,0,0.0,0.0,0.0,0.0,0,0,0,0,0,0,0,0,0,0,0,0,0,0,0.00,0.00,0.00,0.00,0,0,0,0,0,0.0,0.0,0.0,0.0,0.2,482,984,0.0,,,,0
63,Milosavljević,Veljko Milosavljevic,BOU,Bournemouth,DEF,4.9,0.0,-0.1,i,0,0,Thigh injury - Unknown return date,2026-08-06T10:00:10.456051Z,0,0,0.0,0.0,0.0,0.0,0,0,0,0,0,0,0,0,0,0,0,0,0,0,0.00,0.00,0.00,0.00,0,0,0,0,0,0.0,0.0,0.0,0.0,0.0,35,49,0.0,,,,0
64,Smith,Adam Smith,BOU,Bournemouth,DEF,4.5,0.0,0.0,a,,,,,4,2,0.8,0.7,0.7,0.7,434,5,0,0,0,8,0,0,0,3,0,0,0,14,0.01,0.09,0.10,6.70,16,15,5,21,4.35,43.6,44.4,4.0,9.1,0.1,407,500,0.9,,,,0
65,J.Araujo,Julián Araujo Zúñiga,BOU,Bournemouth,DEF,4.4,0.0,-0.1,i,0,0,Thigh injury - Unknown return date,2026-08-09T08:00:05.645826Z,0,0,0.0,0.0,0.0,0.0,0,0,0,0,0,0,0,0,0,0,0,0,0,0,0.00,0.00,0.00,0.00,0,0,0,0,0,0.0,0.0,0.0,0.0,0.0,40,55,0.0,,,,0
66,Soler,Julio Soler Barreto,BOU,Bournemouth,DEF,4.0,0.0,0.0,a,100,100,,2026-08-15T16:30:07.021055Z,0,0,0.0,0.0,0.0,0.0,0,0,0,0,0,0,0,0,0,0,0,0,0,0,0.00,0.00,0.00,0.00,0,0,0,0,0,0.0,0.0,0.0,0.0,0.3,750,1153,0.0,,,,0
67,Rayan,Rayan Vitor Simplício Rocha,BOU,Bournemouth,MID,6.3,-0.1,-0.2,a,,,,,10,2,2.0,2.0,2.0,2.0,434,5,0,0,0,7,0,0,0,0,0,0,0,45,0.87,0.43,1.30,6.35,6,4,5,15,3.11,30.4,50.4,99.0,18.0,1.6,4183,9966,1.6,,,,0
68,Tavernier,Marcus Tavernier,BOU,Bournemouth,MID,6.1,0.0,0.1,a,,,,,31,2,6.2,6.7,6.7,6.7,424,5,3,0,0,8,0,0,0,2,0,0,8,153,1.70,0.92,2.62,6.54,5,26,11,42,8.92,161.8,146.1,147.0,45.5,6.8,85977,45747,5.1,1,1,3,1
69,Scott,Alex Scott,BOU,Bournemouth,MID,6.1,0.0,0.1,a,,,,,30,2,6.0,5.3,5.3,5.3,446,5,1,2,1,7,0,0,0,1,0,0,5,129,0.64,0.42,1.06,6.82,15,36,9,60,12.11,102.8,146.4,56.0,30.5,5.8,24837,39552,4.9,2,4,,1
70,Kluivert,Justin Kluivert,BOU,Bournemouth,MID,6.0,0.0,0.0,i,,0,Unspecified injury - Unknown return date,2026-09-20T15:30:09.074071Z,15,0,3.8,3.0,0.0,3.0,294,4,1,0,2,3,0,0,0,1,0,0,1,64,0.99,0.08,1.07,4.48,2,16,4,22,6.73,62.2,46.5,120.0,22.5,0.9,2303,18642,2.5,3,2,2,0
71,Cook,Lewis Cook,BOU,Bournemouth,MID,5.0,0.0,0.0,a,,,,,8,1,1.6,0.7,0.7,0.7,180,2,0,0,2,1,0,0,0,1,0,0,0,25,0.00,0.01,0.01,4.20,7,6,1,14,7.0,11.8,15.8,0.0,2.8,0.2,276,1173,1.6,,,,0
72,Gannon-Doak,Ben Gannon-Doak,BOU,Bournemouth,MID,4.9,0.0,-0.1,a,,,,,4,1,1.0,1.0,1.0,1.0,12,0,0,0,0,1,0,0,0,0,0,0,0,15,0.12,0.05,0.17,0.60,0,5,2,7,52.5,4.0,2.9,16.0,2.3,0.1,148,391,0.8,,,,0
73,Adams,Tyler Adams,BOU,Bournemouth,MID,5.0,0.0,0.0,a,100,100,,2026-08-15T16:30:07.029928Z,12,4,2.4,3.3,3.3,3.3,279,3,0,0,0,7,0,0,0,0,0,0,0,52,0.03,0.07,0.10,2.74,12,22,7,41,13.23,45.8,32.2,7.0,8.5,0.3,1135,1687,2.4,,,,0
74,Brooks,David Brooks,BOU,Bournemouth,MID,5.0,0.0,0.0,a,100,100,,2026-08-15T16:30:07.037929Z,3,1,0.8,0.7,0.7,0.7,45,0,0,0,0,2,0,0,0,1,0,0,0,8,0.00,0.07,0.07,0.75,2,3,0,5,10.0,9.2,23.6,2.0,3.5,0.1,183,331,0.6,4,3,,0
75,Christie,Ryan Christie,BOU,Bournemouth,MID,5.0,0.0,0.0,a,100,100,,2026-07-24T17:30:10.035483Z,5,2,1.2,1.3,1.3,1.3,102,1,0,0,0,2,0,0,0,0,0,0,0,15,0.50,0.13,0.63,1.64,3,10,1,14,12.35,9.4,17.1,31.0,5.2,0.0,304,253,1.0,,,,0
76,Tóth.A,Alex Tóth,BOU,Bournemouth,MID,4.9,0.0,-0.1,a,,,,,2,1,1.0,0.3,0.3,0.3,17,0,0,0,0,2,0,0,0,0,0,0,0,8,0.00,0.00,0.00,0.56,0,1,1,2,10.59,3.0,0.7,0.0,0.3,0.0,28,56,0.4,,,,0
77,Adli,Amine Adli,BOU,Bournemouth,MID,4.9,0.0,-0.1,i,0,0,Calf injury - Unknown return date,2026-08-15T16:00:07.590566Z,0,0,0.0,0.0,0.0,0.0,0,0,0,0,0,0,0,0,0,0,0,0,0,0,0.00,0.00,0.00,0.00,0,0,0,0,0,0.0,0.0,0.0,0.0,0.0,25,78,0.0,,,,0
78,Kroupi.Jr,Junior Kroupi,BOU,Bournemouth,MID,7.4,0.0,-0.1,i,0,0,Foot injury - Expected back 7 Nov,2026-07-29T17:30:09.796802Z,0,0,0.0,0.0,0.0,0.0,0,0,0,0,0,0,0,0,0,0,0,0,0,0,0.00,0.00,0.00,0.00,0,0,0,0,0,0.0,0.0,0.0,0.0,0.2,197,897,0.0,,,1,0
79,Evanilson,Francisco Evanilson de Lima Barbosa,BOU,Bournemouth,FWD,6.0,0.0,0.0,a,,,,,18,2,3.6,3.0,3.0,3.0,424,5,0,3,2,5,0,0,0,1,0,0,0,66,0.87,0.52,1.39,6.45,11,13,3,27,5.73,71.4,82.6,99.0,25.2,3.2,18755,21566,3.0,,,,0
80,Enes Ünal,Enes Ünal,BOU,Bournemouth,FWD,5.5,0.0,0.0,u,0,0,Has joined Getafe permanently,2026-08-14T14:14:21.881112Z,0,0,0.0,0.0,0.0,0.0,0,0,0,0,0,0,0,0,0,0,0,0,0,0,0.00,0.00,0.00,0.00,0,0,0,0,0,0.0,0.0,0.0,0.0,0.0,0,51,0.0,,,,0
81,Rodríguez,Álvaro Rodríguez,BOU,Bournemouth,FWD,6.0,0.0,0.0,a,100,100,,2026-08-15T16:30:07.054142Z,2,0,1.0,0.3,0.3,0.3,10,0,0,0,0,1,0,0,0,0,0,0,0,7,0.00,0.00,0.00,0.18,0,1,0,1,9.0,0.0,0.5,0.0,0.1,0.1,829,740,0.3,,,,0
566,Silva,António João Pereira de Albuquerque Tavares da Silva,BOU,Bournemouth,DEF,5.0,0.0,0.0,a,,,,,13,3,2.6,2.3,2.3,2.3,450,5,0,0,0,8,0,0,0,2,0,0,0,30,0.85,0.29,1.14,6.95,51,14,5,56,11.2,124.6,10.1,43.0,17.7,0.4,6729,3899,2.6,,,,0
573,Sanchez,Juanlu Sánchez,BOU,Bournemouth,DEF,4.4,0.0,-0.1,a,,,,,0,0,0.0,0.0,0.0,0.0,0,0,0,0,0,0,0,0,0,0,0,0,0,0,0.00,0.00,0.00,0.00,0,0,0,0,0,0.0,0.0,0.0,0.0,0.2,156,452,0.0,,,,0
608,Jebbison,Daniel Jebbison,BOU,Bournemouth,FWD,5.0,0.0,0.0,a,,,,,3,1,1.0,0.7,0.7,0.7,31,0,0,0,0,2,0,0,0,0,0,0,0,13,0.10,0.00,0.10,0.61,0,1,0,1,2.9,3.6,1.6,21.0,2.6,0.1,931,921,0.6,,,,0
615,Di Gregorio,Michele Di Gregorio,BOU,Bournemouth,GKP,4.5,0.0,0.0,a,,,,,0,0,0.0,0.0,0.0,0.0,0,0,0,0,0,0,0,0,0,0,0,0,0,0,0.00,0.00,0.00,0.00,0,0,0,0,0,0.0,0.0,0.0,0.0,0.0,188,198,0.0,,,,0
82,Kelleher,Caoimhín Kelleher,BRE,Brentford,GKP,5.0,0.0,0.0,a,,,,,20,6,4.0,3.7,3.7,3.7,450,5,0,0,2,4,0,0,0,0,0,17,0,97,0.00,0.01,0.01,6.32,7,34,0,0,0.0,118.0,0.0,0.0,11.7,6.1,20479,14058,4.0,,,,0
83,Valdimarsson,Hákon Rafn Valdimarsson,BRE,Brentford,GKP,4.5,0.0,0.0,a,,,,,0,0,0.0,0.0,0.0,0.0,0,0,0,0,0,0,0,0,0,0,0,0,0,0,0.00,0.00,0.00,0.00,0,0,0,0,0,0.0,0.0,0.0,0.0,0.1,307,346,0.0,,,,0
84,Collins,Nathan Collins,BRE,Brentford,DEF,5.4,0.0,-0.1,i,0,0,Calf injury - Unknown return date,2026-09-05T18:00:06.182495Z,10,0,3.3,0.3,0.0,0.0,196,3,0,0,1,1,0,0,0,1,0,0,0,39,0.51,0.05,0.56,2.13,15,11,2,17,7.81,40.6,22.4,51.0,11.4,0.9,124,9717,1.9,,,,0
85,Van den Berg,Sepp van den Berg,BRE,Brentford,DEF,4.9,0.0,-0.1,i,0,0,Groin injury - Unknown return date,2026-08-15T15:30:06.416627Z,0,0,0.0,0.0,0.0,0.0,0,0,0,0,0,0,0,0,0,0,0,0,0,0,0.00,0.00,0.00,0.00,0,0,0,0,0,0.0,0.0,0.0,0.0,0.1,39,361,0.0,,,,0
86,Lewis-Potter,Keane Lewis-Potter,BRE,Brentford,MID,5.5,0.0,0.0,a,,,,,22,3,4.4,2.0,2.0,2.0,406,5,1,1,2,4,0,0,0,0,0,0,3,85,1.21,0.79,2.00,5.69,17,15,6,38,8.42,113.6,109.3,73.0,29.5,1.7,3784,12253,4.0,5,1,,0
87,Ajer,Kristoffer Ajer,BRE,Brentford,DEF,4.5,0.0,0.0,a,,,,,21,7,4.2,3.3,3.3,3.3,450,5,0,0,2,4,0,0,0,1,0,0,1,73,0.13,0.08,0.21,6.32,46,11,4,50,10.0,104.2,34.0,49.0,18.8,3.9,11614,23314,4.7,,,,0
88,Kayode,Michael Kayode,BRE,Brentford,DEF,4.6,0.0,0.1,a,,,,,23,6,4.6,2.7,2.7,2.7,294,4,1,0,2,1,0,0,0,0,0,0,1,72,0.55,0.43,0.98,3.24,14,14,2,16,4.9,63.8,32.9,56.0,15.3,7.6,13841,21879,5.0,,,,1
89,Henry,Rico Henry,BRE,Brentford,DEF,4.4,0.0,-0.1,a,,,,,1,0,1.0,0.0,0.0,0.0,2,0,0,0,0,0,0,0,0,0,0,0,0,3,0.00,0.00,0.00,0.00,0,0,0,0,0.0,0.0,0.0,0.0,0.0,0.2,164,609,0.2,,,,0
90,Hickey,Aaron Hickey,BRE,Brentford,DEF,4.5,0.0,0.0,a,,,,,5,1,1.0,1.0,1.0,1.0,152,1,0,0,0,3,0,0,0,0,0,0,0,17,0.03,0.06,0.09,3.07,13,8,4,17,10.07,32.8,7.8,6.0,4.7,0.1,187,252,1.1,,,,0
92,Ji-soo,Kim Ji-soo,BRE,Brentford,DEF,4.4,-0.1,-0.1,a,,,,,0,0,0.0,0.0,0.0,0.0,0,0,0,0,0,0,0,0,0,0,0,0,0,0,0.00,0.00,0.00,0.00,0,0,0,0,0,0.0,0.0,0.0,0.0,0.0,61,90,0.0,,,,0
93,Schuster,Jannik Schuster,BRE,Brentford,DEF,4.5,0.0,0.0,a,,,,,21,14,7.0,7.0,7.0,7.0,253,2,0,1,1,3,0,0,0,0,0,0,3,59,0.10,0.54,0.64,4.19,35,6,3,38,13.52,92.4,11.5,16.0,12.0,0.3,15615,2455,4.7,,,,1
94,Schade,Kevin Schade,BRE,Brentford,MID,6.2,0.1,0.2,a,,,,,39,9,7.8,8.7,8.7,8.7,447,5,3,2,2,4,0,0,0,0,0,0,6,138,1.52,0.32,1.84,6.32,6,21,7,34,6.85,146.2,48.0,160.0,35.4,11.7,404744,26563,6.3,,,2,1
95,O.Dango,Dango Ouattara,BRE,Brentford,MID,6.3,0.0,-0.2,a,,,,,7,1,1.4,1.0,1.0,1.0,179,2,0,0,1,1,0,0,0,0,0,0,0,34,0.09,0.39,0.48,2.81,9,17,2,28,14.08,25.4,59.3,23.0,10.8,0.5,845,3788,1.1,4,,,0
96,Damsgaard,Mikkel Damsgaard,BRE,Brentford,MID,5.4,0.0,-0.1,a,,,,,16,3,3.2,4.0,4.0,4.0,283,3,0,1,2,1,0,0,0,0,0,0,3,74,0.17,0.73,0.90,3.06,6,18,7,31,9.86,47.4,118.2,42.0,20.7,0.4,1766,2109,3.0,2,3,,0
97,Jensen,Mathias Jensen,BRE,Brentford,MID,5.4,0.0,-0.1,i,0,0,Unspecified injury - Expected back 10 Oct,2026-08-30T12:30:08.176795Z,6,0,6.0,0.0,0.0,0.0,66,1,0,1,1,0,0,0,0,0,0,0,0,22,0.08,0.34,0.42,0.47,0,3,2,5,6.82,12.6,46.2,13.0,7.2,0.1,20,664,1.1,1,2,3,0
98,Janelt,Vitaly Janelt,BRE,Brentford,MID,5.0,0.0,0.0,a,,,,,28,3,5.6,6.0,6.0,6.0,450,5,2,0,2,4,0,0,0,3,0,0,3,109,0.53,0.44,0.97,6.32,27,20,17,64,12.8,164.0,97.5,47.0,30.9,2.5,20205,18447,5.6,3,,,1
99,Milambo,Antoni Milambo,BRE,Brentford,MID,5.0,0.0,0.0,i,0,0,Knee injury - Unknown return date,2026-07-23T12:01:23.384798Z,0,0,0.0,0.0,0.0,0.0,0,0,0,0,0,0,0,0,0,0,0,0,0,0,0.00,0.00,0.00,0.00,0,0,0,0,0,0.0,0.0,0.0,0.0,0.0,7,7,0.0,,,,0
100,Carvalho,Fábio Freitas Gouveia Carvalho,BRE,Brentford,MID,5.0,0.0,0.0,a,100,100,,2026-08-18T13:58:17.442072Z,6,6,6.0,2.0,2.0,2.0,3,0,1,0,0,0,0,0,0,0,0,0,0,23,0.43,0.00,0.43,0.13,0,0,0,0,0.0,33.2,0.3,33.0,6.7,0.0,617,178,1.2,,,,0
102,Yarmoliuk,Yehor Yarmoliuk,BRE,Brentford,MID,4.8,0.0,-0.2,a,,,,,9,3,1.8,2.3,2.3,2.3,216,2,0,1,1,4,0,0,0,1,0,0,0,50,0.10,0.30,0.40,4.58,7,14,5,26,10.83,53.0,60.5,20.0,13.4,0.6,1384,3403,1.9,,,,0
103,Dasilva,Josh Dasilva,BRE,Brentford,MID,4.9,0.0,-0.1,i,0,0,Hamstring injury - Expected back 10 Oct,2026-09-04T13:30:08.371955Z,0,0,0.0,0.0,0.0,0.0,0,0,0,0,0,0,0,0,0,0,0,0,0,0,0.00,0.00,0.00,0.00,0,0,0,0,0,0.0,0.0,0.0,0.0,0.0,10,106,0.0,,,,0
105,Anthony,Jaidon Anthony,BRE,Brentford,MID,5.9,0.0,-0.1,a,,,,,15,10,3.0,4.0,4.0,4.0,267,3,1,0,2,3,0,0,0,1,0,0,2,59,1.15,0.54,1.69,3.50,6,16,4,26,8.76,65.0,89.3,58.0,21.2,0.1,2411,641,2.5,,,,0
106,Thiago,Igor Thiago Nascimento Rodrigues,BRE,Brentford,FWD,7.8,0.0,-0.2,a,,,,,10,5,2.0,2.7,2.7,2.7,442,5,1,0,2,4,0,0,1,2,0,0,0,37,3.13,0.16,3.29,6.25,4,12,3,19,3.87,48.8,43.6,146.0,23.6,9.1,61109,39519,1.3,,,1,0
107,Furo,Kaye Furo,BRE,Brentford,FWD,4.5,0.0,0.0,i,0,0,Unspecified injury - Unknown return date,2026-09-14T14:00:09.985723Z,0,0,0.0,0.0,0.0,0.0,0,0,0,0,0,0,0,0,0,0,0,0,0,0,0.00,0.00,0.00,0.00,0,0,0,0,0,0.0,0.0,0.0,0.0,0.9,641,9757,0.0,,,,0
108,Wilson,Callum Wilson,BRE,Brentford,FWD,5.4,-0.1,-0.1,a,,,,,3,0,1.0,0.3,0.3,0.3,13,0,0,0,0,0,0,0,0,0,0,0,0,9,0.07,0.04,0.11,0.15,1,1,0,2,13.85,3.2,10.4,12.0,2.6,0.3,1254,2521,0.6,,,,0
565,M.Sangaré,Mamadou Sangaré,BRE,Brentford,MID,5.6,-0.1,0.1,a,,,,,22,0,4.4,1.3,1.3,1.3,321,4,0,2,1,3,0,0,0,2,0,0,3,76,0.41,0.65,1.06,4.31,12,22,14,48,13.46,76.4,57.8,40.0,17.1,9.9,8631,141446,3.9,,,,1
620,Diouf,El Hadji Malick Diouf,BRE,Brentford,DEF,4.5,0.0,0.0,a,,,,,2,1,1.0,0.7,0.7,0.7,39,0,0,0,0,0,0,0,0,0,0,0,0,7,0.00,0.01,0.01,0.63,2,1,0,2,4.62,5.6,1.3,0.0,0.7,0.1,485,697,0.4,,,,0
657,Nunes,Gustavo Nunes Fernandes Gomes,BRE,Brentford,MID,4.5,0.0,0.0,a,,,,,0,0,0.0,0.0,0.0,0.0,0,0,0,0,0,0,0,0,0,0,0,0,0,0,0.00,0.00,0.00,0.00,0,0,0,0,0,0.0,0.0,0.0,0.0,0.0,357,273,0.0,,,,0
660,Fredrick,Benjamin Fredrick,BRE,Brentford,DEF,4.0,0.0,0.0,a,,,,,0,0,0.0,0.0,1.1,1.1,0,0,0,0,0,0,0,0,0,0,0,0,0,0,0.00,0.00,0.00,0.00,0,0,0,0,0,0.0,0.0,0.0,0.0,0.0,538,69,0.0,,,,0
661,Balcombe,Ellery Balcombe,BRE,Brentford,GKP,4.0,0.0,0.0,a,,,,,0,0,0.0,0.0,1.0,1.0,0,0,0,0,0,0,0,0,0,0,0,0,0,0,0.00,0.00,0.00,0.00,0,0,0,0,0,0.0,0.0,0.0,0.0,0.0,2951,568,0.0,,,,0
109,Verbruggen,Bart Verbruggen,BHA,Brighton,GKP,4.5,0.0,0.0,a,,,,,23,6,4.6,5.7,5.7,5.7,450,5,0,0,3,5,0,0,0,0,0,12,0,107,0.00,0.20,0.20,8.67,3,34,0,0,0.0,113.8,3.0,0.0,11.7,21.6,74853,74407,5.1,,,,0
111,Steele,Jason Steele,BHA,Brighton,GKP,4.0,0.0,0.0,a,,,,,0,0,0.0,0.0,0.0,0.0,0,0,0,0,0,0,0,0,0,0,0,0,0,0,0.00,0.00,0.00,0.00,0,0,0,0,0,0.0,0.0,0.0,0.0,4.1,7332,15213,0.0,,,,0
113,F.Kadıoğlu,Ferdi Kadıoğlu,BHA,Brighton,DEF,4.4,0.0,-0.1,a,100,100,,2026-08-23T13:00:07.595211Z,13,5,3.2,4.3,4.3,4.3,332,4,0,0,2,5,0,0,0,1,0,0,0,46,0.12,0.13,0.25,7.55,9,8,1,10,2.71,31.2,58.1,32.0,12.2,1.6,4137,7125,3.0,3,,,0
114,Boscagli,Olivier Boscagli,BHA,Brighton,DEF,4.5,0.0,0.0,a,,,,,19,6,3.8,4.7,4.7,4.7,437,5,0,0,3,5,0,0,0,1,0,0,0,93,0.07,0.53,0.60,8.45,25,17,4,29,5.97,77.2,115.7,21.0,21.4,0.3,2135,819,4.2,,,,0
115,De Cuyper,Maxim De Cuyper,BHA,Brighton,DEF,5.0,0.1,0.5,a,,,,,38,6,7.6,7.0,7.0,7.0,423,5,1,3,3,5,0,0,0,2,0,0,5,132,1.55,0.67,2.22,8.58,8,18,8,16,3.4,108.4,171.8,57.0,33.8,27.8,307826,22709,7.6,2,4,,2
116,Dunk,Lewis Dunk,BHA,Brighton,DEF,4.5,0.0,0.0,d,,75,Neck injury - 75% chance of playing,2026-09-22T09:30:09.629652Z,22,0,5.5,5.7,4.3,5.7,360,4,1,0,2,5,0,0,0,1,0,0,1,79,0.03,0.09,0.12,7.04,20,13,3,23,5.75,116.2,14.6,11.0,14.3,1.5,7629,10342,4.9,,3,,1
117,Coppola,Diego Coppola,BHA,Brighton,DEF,4.5,0.0,0.0,a,,,,,0,0,0.0,0.0,0.0,0.0,0,0,0,0,0,0,0,0,0,0,0,0,0,0,0.00,0.00,0.00,0.00,0,0,0,0,0,0.0,0.0,0.0,0.0,0.0,112,102,0.0,,,,0
118,Igor,Igor Julio dos Santos de Paulo,BHA,Brighton,DEF,4.5,0.0,0.0,u,0,0,Has joined Burnley permanently,2026-09-02T15:38:15.529699Z,0,0,0.0,0.0,0.0,0.0,0,0,0,0,0,0,0,0,0,0,0,0,0,0,0.00,0.00,0.00,0.00,0,0,0,0,0,0.0,0.0,0.0,0.0,0.0,0,304,0.0,,,,0
119,Costinha,João Pedro Loureiro da Costa,BHA,Brighton,DEF,4.5,0.0,0.0,a,,,,,4,1,0.8,1.0,1.0,1.0,68,0,0,0,0,0,0,0,0,1,0,0,0,18,0.12,0.30,0.42,1.02,6,1,1,7,9.26,16.4,20.0,18.0,5.4,0.0,174,138,0.9,,,,0
120,Svoboda,Michael Svoboda,BHA,Brighton,DEF,5.0,0.0,0.0,a,,,,,1,1,1.0,0.3,0.3,0.3,4,0,0,0,0,0,0,0,0,0,0,0,0,5,0.00,0.00,0.00,0.14,0,1,1,1,22.5,2.4,0.0,0.0,0.2,0.1,1340,469,0.2,,,,0
121,Mitoma,Mitoma Kaoru,BHA,Brighton,MID,5.9,0.0,-0.1,i,0,0,Hamstring injury - Expected back 10 Oct,2026-07-24T18:30:10.661894Z,0,0,0.0,0.0,0.0,0.0,0,0,0,0,0,0,0,0,0,0,0,0,0,0,0.00,0.00,0.00,0.00,0,0,0,0,0,0.0,0.0,0.0,0.0,0.0,135,181,0.0,,,,0
122,Minteh,Yankuba Minteh,BHA,Brighton,MID,5.8,-0.1,-0.2,i,0,0,Leg injury - Expected back 28 Nov,2026-08-14T18:00:06.418033Z,0,0,0.0,0.0,0.0,0.0,0,0,0,0,0,0,0,0,0,0,0,0,0,0,0.00,0.00,0.00,0.00,0,0,0,0,0,0.0,0.0,0.0,0.0,0.0,45,236,0.0,5,,,0
123,Hinshelwood,Jack Hinshelwood,BHA,Brighton,MID,5.9,0.0,-0.1,i,0,0,Ankle injury - Expected back 10 Oct,2026-08-27T19:30:07.780933Z,16,0,16.0,0.0,0.0,0.0,63,1,2,0,1,0,0,0,0,0,0,0,3,54,1.41,0.02,1.43,0.19,0,1,2,3,4.29,72.8,13.4,59.0,14.5,0.6,283,6995,2.7,,,,1
124,Groß,Pascal Groß,BHA,Brighton,MID,5.8,0.1,0.3,a,,,,,47,14,9.4,10.7,10.7,10.7,450,5,3,4,3,5,0,0,0,2,0,0,9,166,1.77,0.86,2.63,8.67,9,10,7,26,5.2,211.0,216.0,84.0,50.8,29.2,811045,12659,8.1,1,1,1,3
125,Georginio,Georginio Rutter,BHA,Brighton,FWD,5.3,-0.1,-0.2,a,100,100,,2026-08-26T16:00:07.608056Z,6,1,3.0,0.3,0.3,0.3,104,1,0,1,1,0,0,0,0,0,0,0,0,24,0.17,0.45,0.62,1.03,1,6,2,9,7.79,20.2,11.7,19.0,5.1,0.5,2757,3950,1.1,,,,0
126,O'Riley,Matt O'Riley,BHA,Brighton,MID,5.4,0.0,-0.1,a,,,,,2,1,1.0,0.7,0.7,0.7,10,0,0,0,0,0,0,0,0,0,0,0,0,6,0.28,0.01,0.29,0.18,2,1,0,3,27.0,8.2,10.5,19.0,3.8,0.1,436,580,0.4,,,3,0
127,Gomez,Diego Gómez Amarilla,BHA,Brighton,MID,5.0,0.0,0.0,a,,,,,24,8,4.8,4.3,4.3,4.3,433,5,0,3,3,5,0,0,0,0,0,0,0,80,0.79,0.78,1.57,8.49,7,16,13,36,7.48,84.2,103.4,126.0,31.4,4.0,12528,39380,4.8,,5,,0
128,Buonanotte,Facundo Buonanotte,BHA,Brighton,MID,5.0,0.0,0.0,u,0,0,Has joined Elche on loan for the rest of the season,2026-08-10T14:03:07.561436Z,0,0,0.0,0.0,0.0,0.0,0,0,0,0,0,0,0,0,0,0,0,0,0,0,0.00,0.00,0.00,0.00,0,0,0,0,0,0.0,0.0,0.0,0.0,0.0,0,7,0.0,,,,0
129,Ayari,Yasin Ayari,BHA,Brighton,MID,5.4,0.0,-0.1,a,100,100,,2026-08-30T18:00:07.935334Z,15,3,3.8,4.3,4.3,4.3,333,4,1,0,3,1,0,0,0,1,0,0,0,71,0.70,0.18,0.88,5.64,4,15,2,21,5.68,56.0,48.9,68.0,16.9,0.4,2413,2063,2.8,4,2,,0
130,Wieffer,Mats Wieffer,BHA,Brighton,DEF,4.9,0.0,-0.1,i,0,0,Knee injury - Unknown return date,2026-09-04T09:30:08.612904Z,7,0,3.5,0.0,0.0,0.0,156,2,0,0,1,4,0,0,0,0,0,0,1,38,0.12,0.13,0.25,3.18,11,9,4,15,8.65,37.0,35.5,10.0,8.3,0.2,32,2028,1.4,,,,0
132,Howell,Harry Howell,BHA,Brighton,MID,4.5,0.0,0.0,u,0,0,Has joined Leicester City on loan for the rest of the season,2026-08-17T13:53:19.019938Z,0,0,0.0,0.0,0.0,0.0,0,0,0,0,0,0,0,0,0,0,0,0,0,0,0.00,0.00,0.00,0.00,0,0,0,0,0,0.0,0.0,0.0,0.0,0.0,0,209,0.0,,,,0
133,Watson,Tom Watson,BHA,Brighton,MID,5.0,0.0,0.0,u,0,0,Has joined Leicester City on loan for the rest of the season,2026-08-03T14:05:44.459483Z,0,0,0.0,0.0,0.0,0.0,0,0,0,0,0,0,0,0,0,0,0,0,0,0,0.00,0.00,0.00,0.00,0,0,0,0,0,0.0,0.0,0.0,0.0,0.0,0,5,0.0,,,,0
134,Oriola,Nehemiah Oriola,BHA,Brighton,MID,4.5,0.0,0.0,a,,,,,0,0,0.0,0.0,0.0,0.0,0,0,0,0,0,0,0,0,0,0,0,0,0,0,0.00,0.00,0.00,0.00,0,0,0,0,0,0.0,0.0,0.0,0.0,0.2,366,1372,0.0,,,,0
135,Yohanna,Zadok Yohanna,BHA,Brighton,MID,4.8,-0.1,-0.2,i,0,0,Unspecified injury - Expected back 10 Oct,2026-09-10T13:00:08.617941Z,1,0,1.0,0.0,0.0,0.0,12,0,0,0,0,0,0,0,0,0,0,0,0,3,0.00,0.03,0.03,0.00,0,0,0,0,0.0,0.2,1.3,0.0,0.2,0.0,26,398,0.2,,,,0
137,Tzimas,Stefanos Tzimas,BHA,Brighton,FWD,5.4,0.0,-0.1,i,0,0,Knee injury - Unknown return date,2026-07-23T12:01:23.432796Z,0,0,0.0,0.0,0.0,0.0,0,0,0,0,0,0,0,0,0,0,0,0,0,0,0.00,0.00,0.00,0.00,0,0,0,0,0,0.0,0.0,0.0,0.0,0.0,38,55,0.0,,,,0
138,Kostoulas,Charalampos Kostoulas,BHA,Brighton,FWD,5.6,0.1,0.1,a,,,,,28,10,5.6,7.3,7.3,7.3,353,4,2,3,2,5,0,0,0,1,0,0,3,105,1.35,0.06,1.41,7.67,5,18,4,27,6.88,95.8,39.1,127.0,26.1,4.3,324094,20183,5.0,,,,1
139,Ferguson,Evan Ferguson,BHA,Brighton,FWD,5.0,0.0,0.0,i,0,0,Ankle injury - Expected back 10 Oct,2026-07-23T12:01:23.448357Z,0,0,0.0,0.0,0.0,0.0,0,0,0,0,0,0,0,0,0,0,0,0,0,0,0.00,0.00,0.00,0.00,0,0,0,0,0,0.0,0.0,0.0,0.0,0.0,142,266,0.0,,,,0
328,Struijk,Pascal Struijk,BHA,Brighton,DEF,4.9,0.0,-0.1,d,100,75,Hamstring injury - 75% chance of playing,2026-09-22T10:00:09.404233Z,7,5,2.3,2.3,1.7,2.3,98,1,0,0,1,0,0,0,0,1,0,0,0,31,0.16,0.01,0.17,1.70,9,6,1,10,9.18,32.2,1.5,7.0,4.0,0.2,643,920,1.4,,,,0
504,Vuskovic,Luka Vušković,BHA,Brighton,DEF,5.0,0.0,0.0,a,,,,,32,8,6.4,8.7,8.7,8.7,437,5,1,0,3,5,0,0,0,0,0,0,2,98,0.46,0.07,0.53,8.45,37,17,6,43,8.86,128.2,18.0,72.0,21.8,3.7,59239,13967,6.4,,,,1
594,David,Promise David,BHA,Brighton,FWD,5.9,-0.1,-0.1,a,,,,,1,0,0.5,0.0,0.0,0.0,23,0,0,0,0,0,0,0,0,1,0,0,0,-4,0.42,0.00,0.42,0.14,0,0,0,0,0.0,0.0,3.7,4.0,0.4,0.2,3271,2264,0.2,,,2,0
600,Osman,Ibrahim Osman,BHA,Brighton,MID,5.0,0.0,0.0,a,,,,,3,0,1.0,0.3,0.3,0.3,40,0,0,0,0,1,0,0,0,0,0,0,0,15,0.05,0.07,0.12,0.32,0,3,1,4,9.0,7.2,17.8,19.0,4.2,0.0,117,129,0.6,,,,0
605,Yalcouyé,Malick Yalcouyé,BHA,Brighton,MID,4.5,0.0,0.0,a,,,,,20,1,4.0,3.7,3.7,3.7,236,3,2,0,1,4,0,0,0,0,0,0,1,96,1.46,0.45,1.91,6.57,6,7,6,19,7.25,109.2,70.3,111.0,29.1,4.0,26709,33810,4.4,,,,0
614,Hadjam,Jaouen Hadjam,BHA,Brighton,DEF,4.5,0.0,0.0,a,,,,,0,0,0.0,0.0,0.0,0.0,0,0,0,0,0,0,0,0,0,0,0,0,0,0,0.00,0.00,0.00,0.00,0,0,0,0,0,0.0,0.0,0.0,0.0,0.0,254,258,0.0,,,,0
624,Cozier-Duberry,Amario Cozier-Duberry,BHA,Brighton,MID,5.0,0.0,0.0,u,0,0,Has joined Middlesbrough on loan for the rest of the season,2026-09-02T15:38:15.552951Z,0,0,0.0,0.0,0.0,0.0,0,0,0,0,0,0,0,0,0,0,0,0,0,0,0.00,0.00,0.00,0.00,0,0,0,0,0,0.0,0.0,0.0,0.0,0.0,0,5,0.0,,,,0
639,Andrés,José María Andrés Baixauli,BHA,Brighton,MID,5.5,0.0,0.0,a,,,,,12,8,6.0,4.0,4.0,4.0,109,1,1,1,1,0,0,0,0,0,0,0,0,37,0.52,0.12,0.64,1.70,4,8,1,13,10.73,52.2,17.9,39.0,10.9,0.0,2804,327,2.2,,,,0
652,Azeez,Femi Azeez,BHA,Brighton,MID,5.5,0.0,0.0,i,0,0,Hamstring injury - Expected back 10 Oct,2026-09-04T11:30:08.661589Z,0,0,0.0,0.0,0.0,0.0,0,0,0,0,0,0,0,0,0,0,0,0,0,0,0.00,0.00,0.00,0.00,0,0,0,0,0,0.0,0.0,0.0,0.0,0.0,19,46,0.0,,,,0
658,Ibrahim,Younes Ibrahim,BHA,Brighton,MID,4.5,0.0,0.0,a,,,,,0,0,0.0,0.0,0.0,0.0,0,0,0,0,0,0,0,0,0,0,0,0,0,0,0.00,0.00,0.00,0.00,0,0,0,0,0,0.0,0.0,0.0,0.0,0.0,316,221,0.0,,,,0
28,Martinez,Emiliano Martínez Romero,CHE,Chelsea,GKP,5.0,0.0,0.0,a,,,,,9,2,2.2,2.3,2.3,2.3,360,4,0,0,0,10,0,0,0,0,0,18,0,61,0.00,0.01,0.01,7.49,1,37,0,0,0.0,145.0,30.0,0.0,17.5,4.7,7934,22488,1.8,,,,0
40,Rogers,Morgan Rogers,CHE,Chelsea,MID,7.7,0.0,0.2,a,,,,,29,2,5.8,5.3,5.3,5.3,437,5,3,1,0,12,0,0,0,1,0,0,2,135,1.72,1.23,2.95,8.73,3,23,5,31,6.38,159.0,140.1,140.0,43.9,40.5,155300,72328,3.8,4,3,,0
101,Henderson,Jordan Henderson,CHE,Chelsea,MID,4.9,0.0,-0.1,a,50,100,,2026-08-09T09:30:07.136250Z,2,2,2.0,0.7,0.7,0.3,90,1,0,0,0,3,0,0,0,0,0,0,0,16,0.00,0.08,0.08,2.65,2,7,1,10,10.0,16.6,10.4,0.0,2.7,0.0,528,163,0.4,3,,,0
136,Welbeck,Danny Welbeck,CHE,Chelsea,FWD,5.9,0.0,-0.1,a,100,100,,2026-08-20T14:00:07.949090Z,4,2,1.3,1.3,1.3,1.3,85,1,0,0,0,1,0,0,0,0,0,0,0,15,0.00,0.14,0.14,1.99,2,2,1,5,5.29,14.4,32.7,14.0,6.1,1.0,7981,9508,0.7,,,,0
140,Sánchez,Robert Lynch Sánchez,CHE,Chelsea,GKP,4.9,0.0,-0.1,u,0,0,Has joined Como on loan for the rest of the season,2026-09-02T16:20:41.841936Z,2,0,2.0,0.0,0.0,0.0,90,1,0,0,0,2,0,0,0,0,0,4,0,6,0.00,0.01,0.01,1.33,1,5,0,0,0.0,21.4,0.0,0.0,2.1,0.7,0,4997,0.4,,,,0
141,Jörgensen,Filip Jörgensen,CHE,Chelsea,GKP,5.0,0.0,0.0,u,0,0,Has joined RC Strasbourg on loan for the rest of the season,2026-08-12T14:07:02.607115Z,0,0,0.0,0.0,0.0,0.0,0,0,0,0,0,0,0,0,0,0,0,0,0,0,0.00,0.00,0.00,0.00,0,0,0,0,0,0.0,0.0,0.0,0.0,0.0,0,33,0.0,,,,0
142,James,Reece James,CHE,Chelsea,DEF,5.4,0.0,-0.1,d,75,75,Hamstring injury - 75% chance of playing,2026-09-18T10:30:09.719371Z,3,0,0.8,0.7,0.5,0.5,292,3,0,0,0,7,0,0,0,1,0,0,0,24,0.33,0.26,0.59,4.90,11,15,2,13,4.01,56.2,42.6,49.0,14.8,5.8,650,79797,0.6,1,1,,0
143,Chalobah,Trevoh Chalobah,CHE,Chelsea,DEF,5.5,0.0,0.0,u,0,0,Has joined Como permanently,2026-08-10T14:03:50.769483Z,0,0,0.0,0.0,0.0,0.0,0,0,0,0,0,0,0,0,0,0,0,0,0,0,0.00,0.00,0.00,0.00,0,0,0,0,0,0.0,0.0,0.0,0.0,0.1,0,332,0.0,,,,0
144,Gusto,Malo Gusto,CHE,Chelsea,DEF,4.9,-0.1,-0.1,a,,,,,4,0,1.0,0.7,0.7,0.7,272,3,0,0,0,7,0,0,0,0,0,0,0,12,0.08,0.12,0.20,3.50,11,13,4,15,4.96,32.0,37.2,13.0,8.2,0.9,1613,7014,0.8,6,,,0
145,Fofana,Wesley Fofana,CHE,Chelsea,DEF,5.0,0.0,0.0,a,100,100,,2026-07-23T12:01:23.464591Z,8,4,2.0,2.7,2.7,2.7,312,4,0,0,0,7,0,0,0,1,0,0,0,35,0.00,0.08,0.08,5.65,40,11,7,47,13.56,100.4,29.2,4.0,13.4,0.2,2589,1338,1.6,,,,0
146,B.Badiashile,Benoît Badiashile Mukinayi,CHE,Chelsea,DEF,4.5,0.0,0.0,u,0,0,Has joined Napoli on loan for the rest of the season,2026-08-25T14:03:47.079414Z,0,0,0.0,0.0,0.0,0.0,0,0,0,0,0,0,0,0,0,0,0,0,0,0,0.00,0.00,0.00,0.00,0,0,0,0,0,0.0,0.0,0.0,0.0,0.0,0,44,0.0,,,,0
148,Hato,Jorrel Hato,CHE,Chelsea,DEF,4.5,0.0,0.0,a,,,,,8,0,2.0,1.0,1.0,1.0,258,4,0,2,0,9,0,0,0,0,0,0,0,14,0.01,0.21,0.22,4.81,11,9,7,18,6.28,77.0,47.1,15.0,14.0,0.8,847,7493,1.8,,,,0
149,Colwill,Levi Samuels Colwill,CHE,Chelsea,DEF,4.8,-0.1,-0.2,a,,,,,3,1,0.8,0.7,0.7,0.7,341,4,0,0,0,9,0,0,0,1,0,0,0,17,0.01,0.05,0.06,6.67,23,15,3,26,6.86,61.6,16.6,13.0,9.2,0.9,1118,5530,0.6,,,,0
150,M.Sarr,Mamadou Sarr,CHE,Chelsea,DEF,4.5,0.0,0.0,u,0,0,Has joined Real Sociedad on loan for the rest of the season,2026-08-29T00:34:23.077418Z,0,0,0.0,0.0,0.0,0.0,0,0,0,0,0,0,0,0,0,0,0,0,0,0,0.00,0.00,0.00,0.00,0,0,0,0,0,0.0,0.0,0.0,0.0,0.0,0,175,0.0,,,,0
151,Acheampong,Josh Acheampong,CHE,Chelsea,DEF,4.5,0.0,0.0,a,,,,,5,0,1.2,0.3,0.3,0.3,221,2,0,0,0,7,0,0,0,0,0,0,0,5,0.00,0.03,0.03,4.72,13,7,7,20,8.14,43.0,5.5,6.0,5.4,0.3,436,1987,1.1,,,,0
152,Palestra,Marco Palestra,CHE,Chelsea,DEF,5.3,0.0,-0.2,d,50,50,Thigh injury - 50% chance of playing,2026-08-24T18:30:07.421239Z,0,0,0.0,0.0,0.0,0.0,0,0,0,0,0,0,0,0,0,0,0,0,0,0,0.00,0.00,0.00,0.00,0,0,0,0,0,0.0,0.0,0.0,0.0,0.6,241,3958,0.0,,,,0
154,Palmer,Cole Palmer,CHE,Chelsea,MID,9.7,0.0,0.2,d,100,75,Muscular injury - 75% chance of playing,2026-09-21T13:00:09.022726Z,28,2,5.6,2.7,2.0,2.7,442,5,2,2,0,12,0,0,0,1,0,0,3,148,1.31,0.79,2.10,8.73,3,19,7,29,5.9,151.0,145.3,144.0,44.1,25.6,49758,175869,2.9,,2,1,1
156,Neto,Pedro Lomba Neto,CHE,Chelsea,MID,6.5,0.0,0.0,a,,,,,14,2,2.8,2.0,2.0,2.0,332,4,1,0,0,8,0,0,0,0,0,0,0,81,0.68,0.58,1.26,6.64,8,14,6,28,7.59,82.0,92.6,108.0,28.2,1.4,5434,9845,2.2,2,4,,0
157,Estêvão,Estêvão Almeida de Oliveira Gonçalves,CHE,Chelsea,MID,6.3,0.0,-0.2,a,,,,,4,1,1.0,1.0,1.0,1.0,23,0,0,0,0,1,0,0,0,0,0,0,0,17,0.07,0.07,0.14,1.01,0,1,1,2,7.83,8.6,1.6,38.0,5.0,0.7,1857,4424,0.6,5,,2,0
158,Gittens,Jamie Bynoe-Gittens,CHE,Chelsea,MID,5.8,-0.1,-0.2,d,,75,Ankle injury - 75% chance of playing,2026-09-26T05:30:09.245832Z,0,0,0.0,0.0,0.0,0.0,0,0,0,0,0,0,0,0,0,0,0,0,0,0,0.00,0.00,0.00,0.00,0,0,0,0,0,0.0,0.0,0.0,0.0,0.0,157,262,0.0,,,,0
159,Caicedo,Moisés Caicedo Corozo,CHE,Chelsea,MID,5.3,0.0,-0.2,d,50,50,Calf injury - 50% chance of playing,2026-08-30T16:00:08.393562Z,1,0,1.0,0.0,0.0,0.0,13,0,0,0,0,0,0,0,0,0,0,0,0,3,0.00,0.00,0.00,0.07,0,0,0,0,0.0,0.0,0.1,0.0,0.0,1.0,424,9176,0.2,,,,0
161,Lavia,Roméo Lavia,CHE,Chelsea,MID,5.0,0.0,0.0,a,,,,,11,0,2.8,1.0,1.0,1.0,258,4,1,0,0,8,0,0,0,1,0,0,0,61,0.75,0.11,0.86,5.06,10,15,6,31,10.81,65.8,29.1,66.0,16.1,0.2,445,2509,2.2,,,,0
163,D.Essugo,Dário Luís Essugo,CHE,Chelsea,MID,4.5,0.0,0.0,u,0,0,Has joined RC Strasbourg on loan for the rest of the season,2026-09-02T16:20:41.865225Z,0,0,0.0,0.0,0.0,0.0,0,0,0,0,0,0,0,0,0,0,0,0,0,0,0.00,0.00,0.00,0.00,0,0,0,0,0,0.0,0.0,0.0,0.0,0.1,0,740,0.0,,,,0
164,Quenda,Geovany Quenda,CHE,Chelsea,MID,5.3,0.0,-0.2,a,100,100,,2026-07-24T20:30:10.609931Z,2,1,1.0,0.3,0.3,0.3,27,0,0,0,0,2,0,0,0,0,0,0,0,5,0.03,0.01,0.04,1.29,1,0,0,1,3.33,1.6,2.1,8.0,1.2,0.0,75,184,0.4,,,,0
165,João Pedro,João Pedro Junqueira de Jesus,CHE,Chelsea,FWD,7.7,-0.1,0.2,d,75,75,Knee injury - 75% chance of playing,2026-09-16T19:00:09.919929Z,33,0,8.2,4.3,3.2,3.2,360,4,3,3,0,9,1,0,0,1,0,0,7,141,2.17,0.19,2.36,6.17,3,5,1,9,2.25,158.4,90.0,123.0,37.0,65.0,66095,403528,4.3,,,,2
168,Marc Guiu,Marc Guiu Paz,CHE,Chelsea,FWD,5.0,0.0,0.0,u,0,0,Has joined RB Leipzig permanently,2026-09-01T13:24:48.857362Z,0,0,0.0,0.0,0.0,0.0,0,0,0,0,0,0,0,0,0,0,0,0,0,0,0.00,0.00,0.00,0.00,0,0,0,0,0,0.0,0.0,0.0,0.0,0.2,0,1586,0.0,,,,0
169,Mheuka,Shumaira Mheuka,CHE,Chelsea,FWD,4.5,0.0,0.0,a,,,,,0,0,0.0,0.0,0.0,0.0,0,0,0,0,0,0,0,0,0,0,0,0,0,0,0.00,0.00,0.00,0.00,0,0,0,0,0,0.0,0.0,0.0,0.0,0.5,4640,3617,0.0,,,,0
170,Emegha,Emmanuel Emegha,CHE,Chelsea,FWD,4.9,-0.1,-0.1,i,0,0,Hamstring injury - Expected back 10 Oct,2026-09-09T15:00:09.063849Z,0,0,0.0,0.0,0.0,0.0,0,0,0,0,0,0,0,0,0,0,0,0,0,0,0.00,0.00,0.00,0.00,0,0,0,0,0,0.0,0.0,0.0,0.0,0.1,84,1120,0.0,,,,0
200,Lacroix,Maxence Lacroix,CHE,Chelsea,DEF,5.9,-0.1,-0.1,a,,,,,13,3,2.6,2.0,2.0,2.0,364,4,0,1,0,10,0,0,0,1,0,0,0,28,0.15,0.22,0.37,7.93,37,8,10,47,11.62,116.2,13.9,14.0,14.4,6.8,8290,30040,2.2,,,,0
560,Penders,Mike Penders,CHE,Chelsea,GKP,4.4,0.0,-0.1,a,,,,,0,0,0.0,0.0,0.0,0.0,0,0,0,0,0,0,0,0,0,0,0,0,0,0,0.00,0.00,0.00,0.00,0,0,0,0,0,0.0,0.0,0.0,0.0,0.1,246,304,0.0,,,,0
561,Anselmino,Aaron Anselmino,CHE,Chelsea,DEF,4.5,0.0,0.0,a,100,100,,2026-08-23T19:00:08.536705Z,0,0,0.0,0.0,0.0,0.0,0,0,0,0,0,0,0,0,0,0,0,0,0,0,0.00,0.00,0.00,0.00,0,0,0,0,0,0.0,0.0,0.0,0.0,0.0,68,108,0.0,,,,0
568,Barco,Valentín Barco,CHE,Chelsea,MID,5.4,0.0,-0.1,a,,,,,3,2,1.0,0.7,0.7,0.7,115,1,0,0,0,3,0,0,0,1,0,0,0,29,0.07,0.11,0.18,2.83,4,5,3,12,9.39,12.8,7.2,11.0,3.0,0.1,241,462,0.6,,,,0
583,Chavarria,Pep Chavarría,CHE,Chelsea,DEF,4.9,0.0,-0.1,a,,,,,5,1,1.0,1.0,1.0,1.0,208,1,0,0,0,4,0,0,0,0,0,0,0,17,0.04,0.07,0.11,4.10,11,7,5,16,6.92,30.8,31.4,12.0,7.5,0.1,437,567,1.0,,,,0
662,Nicoll-Jazuli,Mahdi Nicoll-Jazuli,CHE,Chelsea,MID,4.5,0.0,0.0,a,,,,,1,1,1.0,1.0,1.1,1.1,3,0,0,0,0,1,0,0,0,0,0,0,0,5,0.00,0.00,0.00,0.43,0,0,2,2,60.0,4.6,1.7,0.0,0.6,0.0,343,75,0.2,,,,0
91,Pinnock,Ethan Pinnock,COV,Coventry City,DEF,4.5,0.0,0.0,a,,,,,14,8,3.5,4.3,4.3,4.3,282,3,0,0,1,7,0,0,0,1,0,0,0,15,0.12,0.00,0.12,6.57,41,4,3,44,14.04,90.8,1.7,10.0,10.3,0.1,410,236,3.1,,,,0
104,Onyeka,Frank Onyeka,COV,Coventry City,MID,4.9,0.0,-0.1,a,100,100,,2026-09-15T09:00:07.851220Z,9,3,2.2,2.3,2.3,2.3,314,4,0,0,1,7,0,0,0,0,0,0,0,34,0.03,0.02,0.05,6.31,9,14,5,28,8.03,19.4,4.7,21.0,4.5,0.1,180,466,1.8,,,,0
110,Rushworth,Carl Rushworth,COV,Coventry City,GKP,4.5,0.0,0.0,a,,,,,16,11,3.2,4.3,4.3,4.3,450,5,0,1,1,10,0,0,0,0,0,9,2,56,0.00,0.02,0.02,8.63,4,50,0,0,0.0,90.6,10.0,0.0,10.1,0.8,2661,6033,3.6,,,,1
171,Dovin,Oliver Dovin,COV,Coventry City,GKP,4.0,0.0,0.0,u,0,0,Has joined Leyton Orient on loan for the rest of the season,2026-09-02T15:44:14.839336Z,0,0,0.0,0.0,0.0,0.0,0,0,0,0,0,0,0,0,0,0,0,0,0,0,0.00,0.00,0.00,0.00,0,0,0,0,0,0.0,0.0,0.0,0.0,1.0,0,4916,0.0,,,,0
172,Wilson,Ben Wilson,COV,Coventry City,GKP,4.4,0.0,-0.1,a,,,,,0,0,0.0,0.0,0.0,0.0,0,0,0,0,0,0,0,0,0,0,0,0,0,0,0.00,0.00,0.00,0.00,0,0,0,0,0,0.0,0.0,0.0,0.0,0.4,249,707,0.0,,,,0
173,Thomas,Bobby Thomas,COV,Coventry City,DEF,4.0,0.0,0.0,a,,,,,24,9,4.8,4.3,4.3,4.3,437,5,0,0,2,9,0,0,0,0,0,0,3,78,0.49,0.30,0.79,8.09,49,16,3,52,10.71,94.8,33.7,56.0,18.4,8.5,27254,32952,6.0,,,,0
174,Kitching,Liam Kitching,COV,Coventry City,DEF,4.0,0.0,0.0,u,0,0,Has joined Sheffield United on loan for the rest of the season,2026-09-02T16:21:03.612394Z,0,0,0.0,0.0,0.0,0.0,0,0,0,0,0,0,0,0,0,0,0,0,0,0,0.00,0.00,0.00,0.00,0,0,0,0,0,0.0,0.0,0.0,0.0,0.3,0,1895,0.0,,,,0
175,van Ewijk,Milan van Ewijk,COV,Coventry City,DEF,4.0,0.0,0.0,d,,75,Hamstring injury - 75% chance of playing,2026-09-19T16:00:09.486751Z,6,0,1.5,1.0,0.8,1.0,360,4,0,0,0,10,0,0,0,1,0,0,0,7,0.00,0.30,0.30,7.53,21,13,6,27,6.75,61.6,52.7,14.0,12.8,8.7,1185,78189,1.5,,,,0
176,Dasilva,Jay Dasilva,COV,Coventry City,DEF,4.0,0.0,0.0,a,,,,,20,15,4.0,5.7,5.7,5.7,444,5,1,0,1,10,0,0,0,0,0,0,3,54,0.50,0.52,1.02,8.63,19,14,4,23,4.66,110.6,67.7,35.0,21.5,0.7,6711,1854,5.0,,,,1
177,Kesler-Hayden,Kaine Kesler-Hayden,COV,Coventry City,DEF,3.9,-0.1,-0.1,i,0,0,Hamstring injury - Unknown return date,2026-08-27T14:56:28.704361Z,0,0,0.0,0.0,0.0,0.0,0,0,0,0,0,0,0,0,0,0,0,0,0,0,0.00,0.00,0.00,0.00,0,0,0,0,0,0.0,0.0,0.0,0.0,0.0,1055,590,0.0,,,,0
178,Bidwell,Jake Bidwell,COV,Coventry City,DEF,4.0,0.0,0.0,a,,,,,0,0,0.0,0.0,0.0,0.0,0,0,0,0,0,0,0,0,0,0,0,0,0,0,0.00,0.00,0.00,0.00,0,0,0,0,0,0.0,0.0,0.0,0.0,0.1,185,311,0.0,,,,0
179,Latibeaudiere,Joel Latibeaudiere,COV,Coventry City,DEF,4.0,0.0,0.0,a,,,,,1,1,1.0,0.3,0.3,0.3,1,0,0,0,0,0,0,0,0,0,0,0,0,3,0.00,0.00,0.00,0.02,2,0,0,2,180.0,7.0,0.0,0.0,0.7,0.0,74,140,0.2,,,,0
180,Woolfenden,Luke Woolfenden,COV,Coventry City,DEF,4.0,0.0,0.0,i,0,0,Knee injury - Unknown return date,2026-08-27T14:56:28.718566Z,0,0,0.0,0.0,0.0,0.0,0,0,0,0,0,0,0,0,0,0,0,0,0,0,0.00,0.00,0.00,0.00,0,0,0,0,0,0.0,0.0,0.0,0.0,0.1,37,528,0.0,,,,0
181,Brau,Miguel Brau,COV,Coventry City,DEF,4.0,0.0,0.0,u,0,0,Has joined Academico de Viseu on loan for the rest of the season,2026-08-29T00:35:59.980316Z,0,0,0.0,0.0,0.0,0.0,0,0,0,0,0,0,0,0,0,0,0,0,0,0,0.00,0.00,0.00,0.00,0,0,0,0,0,0.0,0.0,0.0,0.0,0.0,0,104,0.0,,,,0
182,Amenda,Aurèle Amenda,COV,Coventry City,DEF,4.0,0.0,0.0,i,25,0,Calf injury - Unknown return date,2026-09-17T07:30:09.329041Z,4,0,1.0,0.7,0.0,0.2,360,4,0,0,0,10,0,0,0,1,0,0,0,-3,0.02,0.39,0.41,7.53,23,11,1,24,6.0,62.8,14.5,15.0,9.4,0.6,38,6998,1.0,,,,0
183,Rudoni,Jack Rudoni,COV,Coventry City,MID,4.9,0.0,-0.1,a,100,100,,2026-07-23T12:01:23.481435Z,13,5,2.6,3.0,3.0,3.0,297,4,0,0,2,4,0,0,0,0,0,0,0,51,0.92,1.11,2.03,4.49,9,21,4,34,10.3,51.2,140.8,80.0,27.2,0.1,950,697,2.7,5,1,,0
184,Grimes,Matt Grimes,COV,Coventry City,MID,4.9,0.0,-0.1,a,,,,,11,3,2.2,2.3,2.3,2.3,443,5,0,0,1,9,0,0,0,0,0,0,0,62,0.12,0.13,0.25,8.42,13,16,9,38,7.72,64.4,48.0,6.0,11.8,0.1,192,886,2.2,1,,3,0
185,Sakamoto,Tatsuhiro Sakamoto,COV,Coventry City,MID,4.8,0.0,-0.2,a,,,,,1,0,1.0,0.0,0.0,0.0,31,0,0,0,0,1,0,0,0,0,0,0,0,8,0.02,0.02,0.04,0.69,0,2,2,4,11.61,6.2,5.9,7.0,1.9,0.1,130,392,0.2,,,,0
186,Mason-Clark,Ephron Mason-Clark,COV,Coventry City,MID,5.3,-0.1,-0.2,a,100,100,,2026-08-19T18:00:08.310507Z,5,1,1.2,1.3,1.3,1.3,231,4,0,0,0,3,0,0,0,0,0,0,0,19,0.51,0.12,0.63,3.16,6,9,0,15,5.84,15.4,51.6,52.0,11.7,0.1,74,366,0.9,,,,0
187,Eccles,Josh Eccles,COV,Coventry City,MID,4.8,-0.1,-0.2,i,0,0,Unspecified injury - Expected back 12 Oct,2026-09-10T18:30:08.877110Z,0,0,0.0,0.0,0.0,0.0,0,0,0,0,0,0,0,0,0,0,0,0,0,0,0.00,0.00,0.00,0.00,0,0,0,0,0,0.0,0.0,0.0,0.0,0.0,21,91,0.0,,,,0
188,Torp,Victor Torp,COV,Coventry City,MID,5.3,-0.1,-0.2,a,,,,,3,0,1.0,0.3,0.3,0.3,53,0,0,0,0,2,0,0,0,0,0,0,0,13,0.00,0.12,0.12,1.22,1,2,0,3,5.09,7.2,20.4,0.0,2.7,0.1,43,448,0.6,2,2,2,0
189,Shepherd,George Shepherd,COV,Coventry City,MID,4.4,0.0,-0.1,a,,,,,0,0,0.0,0.0,0.0,0.0,0,0,0,0,0,0,0,0,0,0,0,0,0,0,0.00,0.00,0.00,0.00,0,0,0,0,0,0.0,0.0,0.0,0.0,0.3,4125,2313,0.0,,,,0
190,Tchaouna,Loum Tchaouna,COV,Coventry City,MID,5.4,0.0,-0.1,a,,,,,5,1,1.2,0.7,0.7,0.7,211,2,0,0,0,3,0,0,0,0,0,0,0,32,0.23,0.18,0.41,3.23,6,11,1,18,7.68,25.4,50.5,46.0,12.3,0.1,26,356,0.9,3,,,0
191,Borges Rodrigues,Raphael Borges Rodrigues,COV,Coventry City,MID,4.5,0.0,0.0,u,0,0,Has joined Burton Albion on loan for the rest of the season,2026-09-02T15:44:14.868001Z,0,0,0.0,0.0,0.0,0.0,0,0,0,0,0,0,0,0,0,0,0,0,0,0,0.00,0.00,0.00,0.00,0,0,0,0,0,0.0,0.0,0.0,0.0,0.1,0,701,0.0,,,,0
192,Andrews,Kai Andrews,COV,Coventry City,MID,4.5,0.0,0.0,u,0,0,Has joined Oxford United on loan for the rest of the season,2026-08-29T00:35:59.998520Z,0,0,0.0,0.0,0.0,0.0,0,0,0,0,0,0,0,0,0,0,0,0,0,0,0.00,0.00,0.00,0.00,0,0,0,0,0,0.0,0.0,0.0,0.0,0.3,0,2032,0.0,,,,0
193,Wright,Haji Wright,COV,Coventry City,FWD,5.3,-0.1,-0.2,i,0,0,Thigh injury - Unknown return date,2026-08-14T22:00:07.214508Z,0,0,0.0,0.0,0.0,0.0,0,0,0,0,0,0,0,0,0,0,0,0,0,0,0.00,0.00,0.00,0.00,0,0,0,0,0,0.0,0.0,0.0,0.0,0.1,49,576,0.0,,,1,0
194,Thomas-Asante,Brandon Thomas-Asante,COV,Coventry City,FWD,5.0,0.0,0.0,a,,,,,9,4,1.8,2.0,2.0,2.0,227,2,0,0,1,6,0,0,0,0,0,0,0,43,0.34,0.06,0.39,4.98,12,12,3,27,10.7,29.8,4.5,49.0,8.4,0.8,8427,6086,1.8,,,4,0
195,Simms,Ellis Simms,COV,Coventry City,FWD,4.9,-0.1,-0.1,a,,,,,4,1,1.3,0.7,0.7,0.7,104,1,0,0,0,3,0,0,0,0,0,0,0,13,0.30,0.01,0.31,2.79,1,2,0,3,2.6,7.8,22.6,37.0,6.8,0.6,2011,5381,0.8,,,,0
196,Markelo,Jahnoah Markelo,COV,Coventry City,FWD,5.0,0.0,0.0,u,0,0,Has joined Shabab Al-Ahli Dubai permanently,2026-08-17T13:53:55.791223Z,0,0,0.0,0.0,0.0,0.0,0,0,0,0,0,0,0,0,0,0,0,0,0,0,0.00,0.00,0.00,0.00,0,0,0,0,0,0.0,0.0,0.0,0.0,0.0,0,60,0.0,,,,0
197,Bassette,Norman Bassette,COV,Coventry City,FWD,4.5,0.0,0.0,u,0,0,Has joined KVC Westerlo on loan for the rest of the season,2026-07-28T12:58:50.001768Z,0,0,0.0,0.0,0.0,0.0,0,0,0,0,0,0,0,0,0,0,0,0,0,0,0.00,0.00,0.00,0.00,0,0,0,0,0,0.0,0.0,0.0,0.0,0.0,0,151,0.0,,,,0
492,Awoniyi,Taiwo Awoniyi,COV,Coventry City,FWD,5.4,-0.1,-0.1,s,0,0,Suspended until 19 Oct,2026-09-13T15:00:09.305127Z,3,0,0.8,0.0,0.0,0.0,232,3,0,0,0,7,0,0,0,0,1,0,0,11,1.30,0.04,1.34,3.55,3,7,1,11,4.27,13.6,46.2,78.0,13.6,0.4,74,5151,0.6,,,5,0
575,Yirenkyi,Caleb Yirenkyi,COV,Coventry City,MID,4.8,-0.1,-0.2,a,,,,,9,3,1.8,1.7,1.7,1.7,265,3,0,0,2,5,0,0,0,1,0,0,0,36,0.03,0.15,0.18,4.25,7,13,1,21,7.13,15.4,41.6,7.0,6.0,0.1,304,1026,1.9,,,,0
584,Hamer,Gustavo Hamer,COV,Coventry City,MID,5.4,0.0,-0.1,a,,,,,3,0,1.0,0.3,0.3,0.3,32,0,0,0,0,1,0,0,0,0,0,0,0,6,0.00,0.02,0.02,0.82,0,2,1,3,8.44,0.6,1.8,0.0,0.3,0.1,43,407,0.6,4,,,0
599,Cherif,Sidiki Cherif,COV,Coventry City,FWD,5.0,0.0,0.0,a,,,,,1,0,1.0,0.3,0.3,0.3,30,0,0,0,0,3,0,0,0,0,0,0,0,3,0.00,0.00,0.00,1.43,1,0,0,1,3.0,1.0,0.2,0.0,0.1,0.1,547,771,0.2,,,,0
623,Bentley,Dan Bentley,COV,Coventry City,GKP,4.0,0.0,0.0,a,,,,,0,0,0.0,0.0,0.0,0.0,0,0,0,0,0,0,0,0,0,0,0,0,0,0,0.00,0.00,0.00,0.00,0,0,0,0,0,0.0,0.0,0.0,0.0,0.6,8182,2381,0.0,,,,0
655,Gboho,Yann Gboho,COV,Coventry City,MID,5.5,0.0,0.0,a,,,,,0,0,0.0,0.0,0.0,0.0,0,0,0,0,0,0,0,0,0,0,0,0,0,0,0.00,0.00,0.00,0.00,0,0,0,0,0,0.0,0.0,0.0,0.0,0.0,76,52,0.0,,,,0
656,Mfuni,Stephen Mfuni,COV,Coventry City,DEF,4.0,0.0,0.0,a,,,,,6,6,6.0,3.0,3.0,3.0,90,1,0,0,1,0,0,0,0,0,0,0,0,27,0.00,0.01,0.01,1.10,7,3,1,8,8.0,17.6,0.7,4.0,2.2,0.1,1902,883,1.5,,,,0
42,Guessand,Evann Guessand,CRY,Crystal Palace,MID,5.4,0.0,-0.1,a,,,,,2,0,1.0,0.0,0.0,0.0,54,0,0,0,0,1,0,0,0,0,0,0,0,6,0.03,0.03,0.06,0.34,1,0,1,2,3.33,5.4,2.1,7.0,1.5,0.0,114,269,0.4,,,,0
153,Disasi,Axel Disasi,CRY,Crystal Palace,DEF,4.5,0.0,0.0,s,0,0,Suspended until 25 Oct,2026-09-12T15:30:09.445078Z,1,0,0.3,0.0,0.0,0.0,139,2,0,0,0,6,0,0,0,0,1,0,0,-6,0.00,0.04,0.04,3.72,15,11,5,20,12.95,34.8,13.4,2.0,5.0,0.1,28,785,0.2,,,,0
198,Henderson,Dean Henderson,CRY,Crystal Palace,GKP,4.9,-0.1,-0.1,i,0,0,Foot injury - Expected back 11 Oct,2026-09-12T14:00:09.378740Z,5,0,1.7,0.7,0.0,0.0,270,3,0,0,0,8,0,0,0,0,0,12,0,37,0.00,0.00,0.00,6.47,6,31,0,0,0.0,96.8,0.0,0.0,9.6,1.3,152,11473,1.0,,,,0
199,Benitez,Walter Benítez,CRY,Crystal Palace,GKP,4.5,0.0,0.0,a,,,,,8,6,4.0,2.7,2.7,2.7,180,2,0,0,1,3,0,0,0,0,0,5,0,29,0.00,0.00,0.00,2.99,2,11,0,0,0.0,37.4,0.0,0.0,3.8,0.1,709,392,1.8,,,,0
202,Richards,Chris Richards,CRY,Crystal Palace,DEF,4.9,-0.1,-0.1,a,,,,,14,8,2.8,3.7,3.7,3.7,450,5,0,0,1,11,0,0,0,1,0,0,0,48,0.08,0.07,0.15,9.46,46,16,8,54,10.8,131.4,7.7,24.0,16.2,0.6,1647,2250,2.9,,,,0
203,Canvot,Jaydee Canvot,CRY,Crystal Palace,DEF,4.8,-0.1,-0.2,a,,,,,10,8,2.5,3.0,3.0,3.0,360,4,0,0,1,8,0,0,0,0,0,0,0,38,0.05,0.13,0.18,7.78,26,11,8,34,8.5,83.0,25.3,7.0,11.5,0.2,428,886,2.1,,,,0
204,Mitchell,Tyrick Mitchell,CRY,Crystal Palace,DEF,4.5,0.0,0.0,a,,,,,24,7,4.8,7.7,7.7,7.7,419,5,2,0,1,10,0,0,0,0,0,0,3,68,0.77,0.26,1.03,8.34,14,23,11,25,5.37,128.2,67.9,62.0,25.8,6.1,15351,16644,5.3,,,,1
205,Sosa,Borna Sosa,CRY,Crystal Palace,DEF,4.5,0.0,0.0,u,0,0,Has joined FC Cologne on loan for the rest of the season,2026-09-02T16:03:25.710518Z,0,0,0.0,0.0,0.0,0.0,0,0,0,0,0,0,0,0,0,0,0,0,0,0,0.00,0.00,0.00,0.00,0,0,0,0,0,0.0,0.0,0.0,0.0,0.0,0,106,0.0,,,,0
206,Chadi Riad,Chadi Riad Dnanou,CRY,Crystal Palace,DEF,4.3,-0.1,-0.2,i,0,0,Knee injury - Unknown return date,2026-08-22T18:00:07.352049Z,1,0,1.0,0.0,0.0,0.0,72,1,0,0,0,2,0,0,0,0,0,0,0,7,0.00,0.01,0.01,0.98,6,3,1,7,8.75,12.6,1.3,0.0,1.4,0.0,25,122,0.2,,,,0
207,Mingueza,Oscar Mingueza,CRY,Crystal Palace,DEF,4.4,0.0,-0.1,a,,,,,2,0,1.0,0.3,0.3,0.3,16,0,0,0,0,1,0,0,0,0,0,0,0,5,0.00,0.00,0.00,0.33,0,1,2,2,11.25,3.2,0.4,0.0,0.3,0.1,81,284,0.5,,,,0
208,Sarr,Ismaïla Sarr,CRY,Crystal Palace,MID,6.2,0.0,-0.3,a,100,100,,2026-08-22T18:00:07.363165Z,1,1,1.0,0.3,0.3,0.3,8,0,0,0,0,0,0,0,0,0,0,0,0,3,0.00,0.01,0.01,0.06,0,0,0,0,0.0,0.0,0.5,0.0,0.1,0.6,2604,2256,0.2,,,2,0
210,Wharton,Adam Wharton,CRY,Crystal Palace,MID,5.4,-0.1,-0.1,a,100,100,,2026-07-23T12:01:23.498963Z,12,2,2.4,2.0,2.0,2.0,436,5,0,0,1,10,0,0,0,1,0,0,0,77,0.15,0.58,0.73,8.91,16,15,10,41,8.46,73.0,97.0,18.0,18.9,0.7,1189,4619,2.2,2,,,0
211,Yeremy,Yéremy Pino Santos,CRY,Crystal Palace,MID,5.5,0.0,0.0,a,,,,,14,2,2.8,2.7,2.7,2.7,307,4,0,2,1,6,0,0,0,1,0,0,0,70,0.52,0.55,1.07,6.93,5,16,5,26,7.62,30.2,94.1,33.0,15.8,0.3,710,2691,2.5,1,1,,0
212,Hughes,Will Hughes,CRY,Crystal Palace,MID,4.4,0.0,-0.1,a,,,,,2,0,1.0,0.7,0.7,0.7,29,0,0,0,0,1,0,0,0,0,0,0,0,9,0.00,0.04,0.04,1.12,3,3,1,7,21.72,8.0,15.3,0.0,2.4,7.3,9224,45232,0.5,4,,,0
213,Lerma,Jefferson Lerma Solís,CRY,Crystal Palace,MID,4.8,-0.1,-0.2,a,,,,,1,0,0.5,0.3,0.3,0.3,51,0,0,0,0,1,0,0,0,1,0,0,0,6,0.26,0.00,0.26,1.25,7,3,2,12,21.18,17.6,0.8,11.0,3.0,0.1,93,386,0.2,,,,0
214,Kamada,Daichi Kamada,CRY,Crystal Palace,MID,5.0,0.0,0.0,a,,,,,21,3,4.2,5.3,5.3,5.3,441,5,0,3,1,10,0,0,0,1,0,0,0,109,0.47,0.38,0.85,8.85,4,23,11,38,7.76,95.6,81.2,42.0,21.9,0.5,3332,3096,4.2,3,,,0
215,Devenny,Justin Devenny,CRY,Crystal Palace,MID,5.0,0.0,0.0,u,0,0,Has joined Stoke City permanently,2026-09-02T15:41:07.346849Z,0,0,0.0,0.0,0.0,0.0,0,0,0,0,0,0,0,0,0,0,0,0,0,0,0.00,0.00,0.00,0.00,0,0,0,0,0,0.0,0.0,0.0,0.0,0.0,0,36,0.0,,2,3,0
216,Esse,Romain Esse,CRY,Crystal Palace,MID,5.0,0.0,0.0,u,0,0,Has joined Millwall on loan for the rest of the season,2026-09-02T15:41:07.376544Z,0,0,0.0,0.0,0.0,0.0,0,0,0,0,0,0,0,0,0,0,0,0,0,0,0.00,0.00,0.00,0.00,0,0,0,0,0,0.0,0.0,0.0,0.0,0.0,0,127,0.0,,,,0
217,M.França,Matheus França de Oliveira,CRY,Crystal Palace,MID,4.9,0.0,-0.1,u,0,0,Has joined Alverca on loan for the rest of the season,2026-09-11T14:42:19.322912Z,0,0,0.0,0.0,0.0,0.0,0,0,0,0,0,0,0,0,0,0,0,0,0,0,0.00,0.00,0.00,0.00,0,0,0,0,0,0.0,0.0,0.0,0.0,0.0,0,160,0.0,,,,0
218,Doucouré,Cheick Doucouré,CRY,Crystal Palace,MID,4.8,-0.1,-0.2,a,,,,,0,0,0.0,0.0,0.0,0.0,0,0,0,0,0,0,0,0,0,0,0,0,0,0,0.00,0.00,0.00,0.00,0,0,0,0,0,0.0,0.0,0.0,0.0,0.0,114,302,0.0,,,,0
219,J.Rak-Sakyi,Jesurun Rak-Sakyi,CRY,Crystal Palace,MID,4.9,0.0,-0.1,u,0,0,has joined  Kasimpasa on loan for the rest of the seaon.,2026-09-10T09:12:47.224598Z,0,0,0.0,0.0,0.0,0.0,0,0,0,0,0,0,0,0,0,0,0,0,0,0,0.00,0.00,0.00,0.00,0,0,0,0,0,0.0,0.0,0.0,0.0,0.0,0,27,0.0,,,,0
220,Cardines,Rio Cardines,CRY,Crystal Palace,DEF,4.5,0.0,0.0,u,0,0,Has joined Bristol City on loan for the rest of the season,2026-08-12T14:08:46.501813Z,0,0,0.0,0.0,0.0,0.0,0,0,0,0,0,0,0,0,0,0,0,0,0,0,0.00,0.00,0.00,0.00,0,0,0,0,0,0.0,0.0,0.0,0.0,0.0,0,3,0.0,,,,0
221,Drakes-Thomas,Joél Drakes-Thomas,CRY,Crystal Palace,MID,4.5,0.0,0.0,a,,,,,0,0,0.0,0.0,0.0,0.0,0,0,0,0,0,0,0,0,0,0,0,0,0,0,0.00,0.00,0.00,0.00,0,0,0,0,0,0.0,0.0,0.0,0.0,0.1,146,431,0.0,,,,0
222,Strand Larsen,Jørgen Strand Larsen,CRY,Crystal Palace,FWD,6.0,0.0,0.0,a,,,,,14,2,2.8,3.7,3.7,3.7,298,3,1,0,1,5,0,0,0,0,0,0,2,69,0.43,0.20,0.63,6.15,6,5,2,13,3.93,62.6,32.5,65.0,16.1,0.7,5141,3994,2.3,,,,0
223,Mateta,Jean-Philippe Mateta,CRY,Crystal Palace,FWD,6.3,0.0,-0.2,i,0,0,Hamstring injury - Expected back 11 Oct,2026-08-28T21:00:08.020382Z,2,0,2.0,0.0,0.0,0.0,62,1,0,0,0,2,0,0,0,0,0,0,0,-3,0.70,0.02,0.72,0.98,1,2,2,5,7.26,1.4,12.3,11.0,2.5,1.3,219,9338,0.3,,,1,0
224,Nketiah,Eddie Nketiah,CRY,Crystal Palace,FWD,5.5,0.0,0.0,a,100,100,,2026-09-12T14:00:09.427136Z,8,1,2.0,1.7,1.7,1.7,175,3,0,1,0,7,0,0,0,0,0,0,0,38,1.10,0.60,1.70,4.51,2,6,4,12,6.17,34.2,46.4,50.0,13.0,0.5,1332,3415,1.5,,,,0
225,Uche,Christantus Uche,CRY,Crystal Palace,FWD,5.0,0.0,0.0,u,0,0,has returned to Getafe CF,2026-07-23T12:18:56.275922Z,0,0,0.0,0.0,0.0,0.0,0,0,0,0,0,0,0,0,0,0,0,0,0,0,0.00,0.00,0.00,0.00,0,0,0,0,0,0.0,0.0,0.0,0.0,0.0,0,0,0.0,,,,0
241,McNeil,Dwight McNeil,CRY,Crystal Palace,MID,5.4,0.0,-0.1,a,,,,,3,0,1.5,0.0,0.0,0.0,84,1,0,0,0,3,0,0,0,0,0,0,0,13,0.05,0.02,0.07,1.18,4,3,0,7,7.5,10.0,5.0,2.0,1.7,0.1,77,491,0.6,,,,0
555,Matthews,Remi Matthews,CRY,Crystal Palace,GKP,4.0,0.0,0.0,a,,,,,0,0,0.0,0.0,0.0,0.0,0,0,0,0,0,0,0,0,0,0,0,0,0,0,0.00,0.00,0.00,0.00,0,0,0,0,0,0.0,0.0,0.0,0.0,1.7,1131,3088,0.0,,,,0
577,Tomiyasu,Takehiro Tomiyasu,CRY,Crystal Palace,DEF,4.4,0.0,-0.1,d,,75,Calf injury - 75% chance of playing,2026-09-21T13:30:09.030724Z,3,1,0.8,0.3,0.2,0.3,189,2,0,0,0,5,0,0,0,0,0,0,0,10,0.00,0.03,0.03,3.98,15,7,2,17,8.1,35.8,15.6,8.0,6.0,0.3,149,1237,0.7,,,,0
588,Khalaili,Anan Khalaili,CRY,Crystal Palace,DEF,5.0,0.0,0.0,a,,,,,19,6,3.8,5.3,5.3,5.3,379,4,1,0,1,8,0,0,0,1,0,0,0,54,0.96,0.33,1.29,8.41,23,26,21,44,10.45,128.2,48.8,48.0,22.5,0.3,2151,1160,3.8,,,,0
595,Gozo,Zavier Gozo,CRY,Crystal Palace,MID,4.9,-0.1,-0.1,a,,,,,2,0,1.0,0.3,0.3,0.3,28,0,0,0,0,2,0,0,0,0,0,0,0,6,0.00,0.00,0.00,0.68,0,0,1,1,3.21,1.4,1.6,0.0,0.3,0.0,41,90,0.4,,,,0
633,Ahanor,Honest Ahanor,CRY,Crystal Palace,DEF,4.5,0.0,0.0,a,,,,,3,0,3.0,1.0,1.0,1.0,90,1,0,0,0,3,0,0,0,0,0,0,0,10,0.00,0.01,0.01,1.68,9,4,2,11,11.0,24.6,11.9,4.0,4.1,0.0,140,110,0.7,,,,0
643,Chilwell,Ben Chilwell,CRY,Crystal Palace,DEF,4.5,0.0,0.0,a,,,,,8,0,4.0,2.7,2.7,2.7,29,0,1,0,0,1,0,0,0,0,0,0,0,21,0.27,0.01,0.28,1.12,1,0,0,1,3.1,33.4,4.2,21.0,5.9,0.4,582,2996,1.8,,,,0
644,Timber,Quinten Timber,CRY,Crystal Palace,MID,5.0,0.0,0.0,a,,,,,9,3,3.0,3.0,3.0,3.0,253,3,0,0,1,5,0,0,0,0,0,0,0,45,0.24,0.06,0.30,5.56,6,10,11,27,9.6,37.8,29.1,34.0,10.0,0.0,476,327,1.8,,,,0
647,Osorio,Darío Osorio,CRY,Crystal Palace,MID,5.5,0.0,0.0,a,,,,,1,0,1.0,0.3,0.3,0.3,1,0,0,0,0,0,0,0,0,0,0,0,0,2,0.00,0.00,0.00,0.13,0,0,1,1,90.0,2.0,0.3,0.0,0.2,0.0,27,77,0.2,,,,0
21,Nørgaard,Christian Nørgaard,EVE,Everton,MID,4.8,-0.1,-0.2,i,0,0,Groin injury - Unknown return date,2026-08-15T20:00:06.779594Z,0,0,0.0,0.0,0.0,0.0,0,0,0,0,0,0,0,0,0,0,0,0,0,0,0.00,0.00,0.00,0.00,0,0,0,0,0,0.0,0.0,0.0,0.0,0.0,58,333,0.0,,,,0
209,Johnson,Brennan Johnson,EVE,Everton,MID,5.9,0.0,-0.1,a,,,,,9,3,1.8,2.3,2.3,2.3,238,3,0,0,2,1,0,0,0,1,0,0,0,26,1.03,0.22,1.25,3.73,8,11,7,26,9.83,23.0,52.8,25.0,10.0,0.1,433,728,1.5,,,,0
226,Pickford,Jordan Pickford,EVE,Everton,GKP,5.5,0.0,0.0,a,,,,,25,8,5.0,5.0,5.0,5.0,450,5,0,0,3,3,0,0,0,0,0,15,1,121,0.00,0.02,0.02,6.94,7,53,0,0,0.0,119.2,0.0,0.0,12.0,9.1,29430,16182,4.5,,,,0
227,Travers,Mark Travers,EVE,Everton,GKP,5.0,0.0,0.0,a,,,,,0,0,0.0,0.0,0.0,0.0,0,0,0,0,0,0,0,0,0,0,0,0,0,0,0.00,0.00,0.00,0.00,0,0,0,0,0,0.0,0.0,0.0,0.0,0.0,256,267,0.0,,,,0
228,King,Tom King,EVE,Everton,GKP,4.5,0.0,0.0,a,,,,,0,0,0.0,0.0,0.0,0.0,0,0,0,0,0,0,0,0,0,0,0,0,0,0,0.00,0.00,0.00,0.00,0,0,0,0,0,0.0,0.0,0.0,0.0,0.0,118,178,0.0,,,,0
229,Tarkowski,James Tarkowski,EVE,Everton,DEF,6.2,0.1,0.2,a,,,,,43,14,8.6,8.3,8.3,8.3,450,5,1,1,3,3,0,0,0,0,0,0,7,138,0.18,0.04,0.22,6.94,40,18,11,51,10.2,149.6,25.6,30.0,20.5,16.6,239545,21838,6.9,,,,2
230,Branthwaite,Jarrad Branthwaite,EVE,Everton,DEF,5.5,0.0,0.0,a,,,,,27,8,5.4,5.7,5.7,5.7,450,5,0,0,3,3,0,0,0,0,0,0,0,97,0.17,0.02,0.19,6.94,49,14,5,54,10.8,145.4,7.2,73.0,22.5,2.4,20405,7474,4.9,,,,0
231,Keane,Michael Keane,EVE,Everton,DEF,4.8,0.0,-0.2,a,,,,,0,0,0.0,0.0,0.0,0.0,0,0,0,0,0,0,0,0,0,0,0,0,0,0,0.00,0.00,0.00,0.00,0,0,0,0,0,0.0,0.0,0.0,0.0,0.7,403,3915,0.0,,,,0
232,O'Brien,Jake O'Brien,EVE,Everton,DEF,4.8,-0.1,-0.2,a,,,,,2,1,1.0,0.7,0.7,0.7,16,0,0,0,0,0,0,0,0,0,0,0,0,5,0.00,0.00,0.00,0.42,2,2,0,2,11.25,3.0,0.0,0.0,0.3,0.3,342,1176,0.4,,,,0
233,Mykolenko,Vitalii Mykolenko,EVE,Everton,DEF,4.6,0.1,0.1,d,,75,Leg injury - 75% chance of playing,2026-10-01T19:30:09.402881Z,27,5,5.4,5.7,4.3,5.7,450,5,0,0,3,3,0,0,0,1,0,0,3,109,0.04,0.16,0.20,6.94,25,30,14,39,7.8,105.6,35.7,13.0,15.5,4.2,41475,23747,5.9,,,,1
234,Patterson,Nathan Patterson,EVE,Everton,DEF,4.5,0.0,0.0,u,0,0,Has joined Torino permanently,2026-09-02T16:05:23.326971Z,0,0,0.0,0.0,0.0,0.0,0,0,0,0,0,0,0,0,0,0,0,0,0,0,0.00,0.00,0.00,0.00,0,0,0,0,0,0.0,0.0,0.0,0.0,0.0,0,129,0.0,,,,0
235,Aznou,Adam Aznou,EVE,Everton,DEF,4.0,0.0,0.0,u,0,0,Has joined Malaga on loan for the rest of the season,2026-09-01T13:23:16.934847Z,0,0,0.0,0.0,0.0,0.0,0,0,0,0,0,0,0,0,0,0,0,0,0,0,0.00,0.00,0.00,0.00,0,0,0,0,0,0.0,0.0,0.0,0.0,0.1,0,574,0.0,,,,0
236,Dewsbury-Hall,Kiernan Dewsbury-Hall,EVE,Everton,MID,6.6,0.1,0.1,a,,,,,20,3,4.0,2.3,2.3,2.3,450,5,1,0,3,3,0,0,0,1,0,0,3,110,0.99,0.83,1.82,6.74,5,26,11,42,8.4,102.8,160.8,125.0,38.9,5.9,34841,45875,3.0,2,,,0
238,Grealish,Jack Grealish,EVE,Everton,MID,6.5,0.0,0.0,a,100,100,,2026-07-29T10:00:10.492904Z,6,3,1.5,1.7,1.7,1.7,135,1,0,0,1,1,0,0,0,0,0,0,0,36,0.02,0.44,0.46,1.67,2,8,3,13,8.67,21.6,71.7,20.0,11.4,0.5,3891,3057,0.9,,,,0
239,Garner,James Garner,EVE,Everton,MID,6.0,0.0,0.0,a,100,100,,2026-09-06T18:00:08.301702Z,11,3,2.2,3.0,3.0,3.0,328,4,0,0,2,2,0,0,0,2,0,0,0,71,0.20,0.17,0.37,3.45,9,25,11,45,12.35,51.4,68.3,13.0,13.4,0.2,1814,2061,1.8,1,1,2,0
242,George,Tyrique George,EVE,Everton,MID,5.5,0.0,0.0,a,,,,,19,1,3.8,4.7,4.7,4.7,309,4,1,0,2,3,0,0,0,0,0,0,3,77,0.35,0.32,0.67,3.71,5,12,1,18,5.24,64.0,86.2,75.0,22.5,0.9,2518,11007,3.5,,,,0
243,Alcaraz,Carlos Alcaraz Durán,EVE,Everton,MID,4.9,0.0,-0.1,a,,,,,1,0,0.5,0.0,0.0,0.0,5,0,0,0,0,0,0,0,0,1,0,0,0,5,0.05,0.02,0.07,0.04,0,2,1,3,54.0,5.0,0.8,25.0,2.7,0.1,162,411,0.2,,,,0
244,Armstrong,Harrison Armstrong,EVE,Everton,MID,5.0,0.0,0.0,a,75,100,,2026-09-17T08:30:08.942299Z,16,2,3.2,2.0,2.0,1.5,446,5,0,1,3,3,0,0,0,2,0,0,0,61,0.21,0.49,0.70,6.94,13,19,8,40,8.07,62.6,64.5,19.0,14.7,0.4,870,3383,3.2,,,,0
245,Dibling,Tyler Dibling,EVE,Everton,MID,5.4,0.0,-0.1,a,,,,,1,1,1.0,0.3,0.3,0.3,24,0,0,0,0,0,0,0,0,0,0,0,0,10,0.17,0.16,0.33,0.38,0,0,0,0,0.0,7.2,24.4,26.0,5.8,0.0,120,160,0.2,,,,0
246,Röhl,Merlin Röhl,EVE,Everton,MID,4.9,0.0,-0.1,i,0,0,Unspecified injury - Expected back 11 Oct,2026-09-16T18:00:09.541933Z,6,0,2.0,0.3,0.0,0.0,249,3,0,0,1,2,0,0,0,1,0,0,0,35,0.00,0.20,0.20,4.52,6,13,5,24,8.67,26.6,32.1,2.0,6.1,0.0,7,594,1.2,,,,0
247,Hackney,Hayden Hackney,EVE,Everton,MID,5.4,-0.1,-0.1,a,100,100,,2026-08-26T22:00:07.797766Z,10,1,2.0,2.0,2.0,2.0,137,1,0,1,1,1,0,0,0,0,0,0,0,39,0.05,0.13,0.18,3.91,4,5,3,12,7.88,40.4,50.0,21.0,11.1,0.2,195,1112,1.9,3,,,0
248,Beto,Norberto Bercique Gomes Betuncal,EVE,Everton,FWD,5.4,0.0,-0.1,u,0,0,Has joined Fiorentina permanently,2026-09-02T16:05:23.357221Z,2,0,1.0,0.0,0.0,0.0,31,0,0,0,0,0,0,0,0,0,0,0,0,5,0.09,0.00,0.09,1.92,1,0,0,1,2.9,3.0,0.3,5.0,0.8,0.6,0,7482,0.4,,,,0
249,Barry,Thierno Barry,EVE,Everton,FWD,5.7,0.1,0.2,a,,,,,20,6,4.0,3.3,3.3,3.3,417,5,2,0,3,3,0,0,0,0,0,0,2,83,3.50,0.15,3.65,5.02,5,11,1,17,3.67,85.8,72.0,207.0,36.5,8.3,87402,40463,3.5,,,1,0
649,Maitland-Niles,Ainsley Maitland-Niles,EVE,Everton,DEF,4.5,0.0,0.0,a,,,,,21,8,7.0,7.0,7.0,7.0,177,2,1,0,2,1,0,0,0,0,0,0,2,75,0.06,0.25,0.31,2.00,8,7,5,13,6.61,67.2,38.8,8.0,11.4,1.4,19881,4915,4.7,,,,0
654,Graham,Braiden Graham,EVE,Everton,MID,4.5,0.0,0.0,a,,,,,0,0,0.0,0.0,0.0,0.0,0,0,0,0,0,0,0,0,0,0,0,0,0,0,0.00,0.00,0.00,0.00,0,0,0,0,0,0.0,0.0,0.0,0.0,0.1,239,1024,0.0,,,,0
250,Leno,Bernd Leno,FUL,Fulham,GKP,4.5,0.0,0.0,a,,,,,18,3,3.6,4.3,4.3,4.3,450,5,0,0,1,8,0,0,0,0,0,16,2,77,0.00,0.00,0.00,9.11,6,41,0,0,0.0,127.6,0.0,0.0,12.8,3.4,41059,11885,4.0,,,,0
251,Lecomte,Benjamin Lecomte,FUL,Fulham,GKP,4.0,0.0,0.0,a,,,,,0,0,0.0,0.0,0.0,0.0,0,0,0,0,0,0,0,0,0,0,0,0,0,0,0.00,0.00,0.00,0.00,0,0,0,0,0,0.0,0.0,0.0,0.0,1.1,2563,2590,0.0,,,,0
252,McNally,Alfie McNally,FUL,Fulham,GKP,4.0,0.0,0.0,u,0,0,Has joined York City on loan for the rest of the season,2026-09-01T13:25:11.231240Z,0,0,0.0,0.0,0.0,0.0,0,0,0,0,0,0,0,0,0,0,0,0,0,0,0.00,0.00,0.00,0.00,0,0,0,0,0,0.0,0.0,0.0,0.0,0.1,0,614,0.0,,,,0
253,Andersen,Joachim Andersen,FUL,Fulham,DEF,5.0,0.0,0.0,a,100,100,,2026-07-23T12:01:23.516350Z,3,1,1.0,0.7,0.7,0.7,190,2,0,0,0,5,0,0,0,1,0,0,0,12,0.00,0.10,0.10,4.35,18,9,2,20,9.47,52.2,35.8,8.0,9.6,0.2,2790,1123,0.6,,,,0
254,Robinson,Antonee Robinson,FUL,Fulham,DEF,4.5,0.0,0.0,a,,,,,12,2,2.4,3.0,3.0,3.0,429,5,0,0,1,8,0,0,0,0,0,0,0,65,0.26,0.30,0.56,9.08,18,20,13,31,6.5,93.6,106.7,18.0,21.8,1.5,16631,6932,2.7,,,2,0
255,J.Cuenca,Jorge Cuenca Barreno,FUL,Fulham,DEF,4.5,0.0,0.0,a,,,,,3,0,3.0,0.0,0.0,0.0,90,1,0,0,0,3,0,0,0,0,0,0,0,7,0.00,0.03,0.03,2.24,9,3,1,10,10.0,32.8,21.3,0.0,5.4,0.0,68,115,0.7,,,,0
256,Tete,Kenny Tete,FUL,Fulham,DEF,4.4,0.0,-0.1,a,0,100,,2026-09-18T12:30:09.546158Z,0,0,0.0,0.0,0.0,0.0,27,0,0,0,0,0,0,0,0,1,0,0,0,-1,0.00,0.00,0.00,0.65,3,0,0,3,10.0,1.6,0.3,2.0,0.4,0.2,61,1054,0.0,,,,0
257,Bassey,Calvin Bassey,FUL,Fulham,DEF,4.5,0.0,0.0,a,,,,,15,6,3.0,4.3,4.3,4.3,450,5,0,1,1,8,0,0,0,1,0,0,1,69,0.13,0.08,0.21,9.11,23,22,6,29,5.8,97.0,15.3,40.0,15.2,0.7,5915,1903,3.3,,,,0
258,Castagne,Timothy Castagne,FUL,Fulham,DEF,4.5,0.0,0.0,a,,,,,20,1,4.0,2.7,2.7,2.7,408,5,0,2,2,7,0,0,0,2,0,0,0,64,0.67,0.39,1.06,6.81,23,18,6,29,6.4,90.4,58.6,57.0,20.6,0.9,15203,5028,4.4,,,,0
261,Iwobi,Alex Iwobi,FUL,Fulham,MID,5.4,0.0,-0.1,a,,,,,14,5,2.8,3.3,3.3,3.3,408,5,0,0,2,7,0,0,0,0,0,0,2,94,0.39,1.22,1.61,8.16,5,19,5,29,6.4,60.6,167.5,49.0,27.7,0.7,3652,3334,2.6,1,1,3,0
262,Smith Rowe,Emile Smith Rowe,FUL,Fulham,MID,5.3,-0.1,-0.2,a,,,,,3,0,1.0,0.7,0.7,0.7,38,0,0,0,0,0,0,0,0,0,0,0,0,11,0.06,0.02,0.08,0.87,1,2,0,3,7.11,6.6,23.8,9.0,4.0,0.2,314,1362,0.6,,,,0
263,Kevin,Kevin Santos Lopes de Macedo,FUL,Fulham,MID,5.3,0.0,-0.2,a,,,,,4,1,1.0,0.7,0.7,0.7,61,0,0,0,0,1,0,0,0,0,0,0,0,14,0.07,0.12,0.19,1.23,1,4,3,8,11.8,10.6,6.8,18.0,3.5,0.0,200,294,0.8,4,,,0
264,Bobb,Oscar Bobb,FUL,Fulham,MID,5.5,0.0,0.0,a,,,,,13,3,2.6,2.7,2.7,2.7,343,5,0,0,3,6,0,0,0,0,0,0,0,53,0.54,1.14,1.68,6.19,5,15,8,28,7.35,42.0,118.7,77.0,23.8,0.3,2493,1851,2.4,2,,,0
265,Berge,Sander Berge,FUL,Fulham,MID,4.9,0.0,-0.1,a,,,,,11,3,2.2,2.3,2.3,2.3,349,4,0,0,2,5,0,0,0,0,0,0,0,67,0.08,0.36,0.44,7.36,7,8,4,19,4.9,51.4,81.0,22.0,15.4,0.3,645,1325,2.2,,,,0
266,Cairney,Tom Cairney,FUL,Fulham,MID,4.9,0.0,-0.1,i,0,0,Knee injury - Expected back 10 Oct,2026-08-14T18:00:06.460944Z,0,0,0.0,0.0,0.0,0.0,0,0,0,0,0,0,0,0,0,0,0,0,0,0,0.00,0.00,0.00,0.00,0,0,0,0,0,0.0,0.0,0.0,0.0,0.0,9,20,0.0,,,,0
268,King,Josh King,FUL,Fulham,MID,5.5,0.0,0.0,a,,,,,24,2,4.8,5.0,5.0,5.0,425,5,2,0,2,7,0,0,0,1,0,0,3,109,1.54,0.46,2.00,8.29,5,16,7,28,5.93,111.4,67.2,179.0,35.8,2.6,92924,19177,4.4,,,,0
269,Sessegnon,Ryan Sessegnon,FUL,Fulham,DEF,4.3,-0.1,-0.2,a,75,100,,2026-09-14T11:30:07.403957Z,3,0,1.0,0.3,0.3,0.2,50,0,0,0,0,1,0,0,0,0,0,0,0,13,0.13,0.44,0.57,1.80,2,3,1,3,5.4,17.2,26.3,31.0,7.5,0.3,309,1328,0.7,3,,,0
270,Reed,Harrison Reed,FUL,Fulham,MID,4.4,0.0,-0.1,a,,,,,0,0,0.0,0.0,0.0,0.0,0,0,0,0,0,0,0,0,0,0,0,0,0,0,0.00,0.00,0.00,0.00,0,0,0,0,0,0.0,0.0,0.0,0.0,1.1,2848,7006,0.0,,,,0
271,Muniz,Rodrigo Muniz Carvalho,FUL,Fulham,FWD,5.4,0.0,-0.1,a,,,,,3,0,0.8,0.7,0.7,0.7,38,0,0,0,0,1,0,0,0,1,0,0,0,14,0.40,0.00,0.40,0.85,3,0,0,3,7.11,11.4,22.2,36.0,7.0,0.4,1787,2733,0.6,,,,0
272,Kusi-Asare,Jonah Kusi-Asare,FUL,Fulham,FWD,4.5,0.0,0.0,a,,,,,0,0,0.0,0.0,0.0,0.0,0,0,0,0,0,0,0,0,0,0,0,0,0,0,0.00,0.00,0.00,0.00,0,0,0,0,0,0.0,0.0,0.0,0.0,5.4,11186,33976,0.0,,,,0
569,Gonzalo,Gonzalo García,FUL,Fulham,FWD,6.0,0.0,0.0,a,,,,,14,2,2.8,2.0,2.0,2.0,425,5,1,0,2,7,0,0,0,0,0,0,0,53,2.33,0.58,2.91,8.29,7,9,2,18,3.81,53.0,46.8,125.0,22.1,4.0,72371,33392,2.3,,,1,0
570,Palacios,César Palacios,FUL,Fulham,MID,5.4,0.0,-0.1,a,,,,,12,1,3.0,3.0,3.0,3.0,226,3,1,0,0,7,0,0,0,1,0,0,1,48,0.98,0.03,1.01,5.46,4,10,3,17,6.77,45.4,32.6,62.0,14.0,0.2,721,965,2.2,,,,0
580,Charles,Shea Charles,FUL,Fulham,MID,5.0,0.0,0.0,a,,,,,13,4,2.6,3.7,3.7,3.7,303,3,0,0,1,5,0,0,0,0,0,0,0,60,0.09,0.16,0.25,6.65,23,19,4,46,13.66,85.4,46.1,14.0,14.5,0.1,655,446,2.6,,,,0
610,De Fougerolles,Luc De Fougerolles,FUL,Fulham,DEF,4.0,0.0,0.0,u,0,0,has joined  Real Salt Lake on loan for the rest of the seaon.,2026-08-28T11:30:08.336405Z,0,0,0.0,0.0,0.0,0.0,0,0,0,0,0,0,0,0,0,0,0,0,0,0,0.00,0.00,0.00,0.00,0,0,0,0,0,0.0,0.0,0.0,0.0,0.1,0,510,0.0,,,,0
626,Zepa,Macaulay Zepa,FUL,Fulham,MID,4.4,-0.1,-0.1,a,,,,,0,0,0.0,0.0,0.0,0.0,0,0,0,0,0,0,0,0,0,0,0,0,0,0,0.00,0.00,0.00,0.00,0,0,0,0,0,0.0,0.0,0.0,0.0,0.3,852,2306,0.0,,,,0
635,Larsson,Hugo Larsson,FUL,Fulham,MID,5.0,0.0,0.0,a,,,,,3,1,1.0,1.0,1.0,1.0,37,0,0,0,0,1,0,0,0,0,0,0,0,9,0.13,0.23,0.36,0.88,2,3,1,6,14.59,6.8,1.9,9.0,1.8,0.0,98,71,0.6,,,,0
636,Ángel,Manuel Ángel Morán Ibáñez,FUL,Fulham,MID,5.0,0.0,0.0,a,,,,,0,0,0.0,0.0,0.0,0.0,0,0,0,0,0,0,0,0,0,0,0,0,0,0,0.00,0.00,0.00,0.00,0,0,0,0,0,0.0,0.0,0.0,0.0,0.0,33,27,0.0,,,,0
650,Affengruber,David Affengruber,FUL,Fulham,DEF,4.5,0.0,0.0,a,,,,,12,4,6.0,4.0,4.0,4.0,180,2,0,0,1,1,0,0,0,0,0,0,0,40,0.00,0.02,0.02,2.88,20,7,3,23,11.5,51.0,14.6,0.0,6.6,0.1,6455,1548,2.7,,,,0
240,Iroegbunam,Tim Iroegbunam,HUL,Hull City,MID,5.0,0.0,0.0,a,100,100,,2026-08-15T20:00:06.878792Z,2,1,0.7,0.3,0.3,0.3,70,0,0,0,0,0,0,0,0,1,0,0,0,10,0.12,0.01,0.13,0.60,1,5,3,9,11.57,9.2,11.5,10.0,3.1,0.0,77,139,0.4,,,,0
273,Phillips,Dillon Phillips,HUL,Hull City,GKP,4.0,0.0,0.0,a,,,,,0,0,0.0,0.0,0.0,0.0,0,0,0,0,0,0,0,0,0,0,0,0,0,0,0.00,0.00,0.00,0.00,0,0,0,0,0,0.0,0.0,0.0,0.0,1.4,3081,3604,0.0,,,,0
274,Butland,Jack Butland,HUL,Hull City,GKP,4.4,-0.1,-0.1,i,0,0,Arm injury - Unknown return date,2026-08-08T19:00:05.601633Z,0,0,0.0,0.0,0.0,0.0,0,0,0,0,0,0,0,0,0,0,0,0,0,0,0.00,0.00,0.00,0.00,0,0,0,0,0,0.0,0.0,0.0,0.0,0.1,69,327,0.0,,,,0
275,Cartwright,Harvey Cartwright,HUL,Hull City,GKP,4.0,0.0,0.0,u,0,0,Has joined Grimsby Town on loan for the rest of the season,2026-07-29T13:00:27.959925Z,0,0,0.0,0.0,0.0,0.0,0,0,0,0,0,0,0,0,0,0,0,0,0,0,0.00,0.00,0.00,0.00,0,0,0,0,0,0.0,0.0,0.0,0.0,0.0,0,26,0.0,,,,0
276,Lo-Tutala,Thimothée Lo-Tutala,HUL,Hull City,GKP,4.0,0.0,0.0,u,0,0,Has joined Colchester United on loan for the rest of the season,2026-08-17T13:50:27.125537Z,0,0,0.0,0.0,0.0,0.0,0,0,0,0,0,0,0,0,0,0,0,0,0,0,0.00,0.00,0.00,0.00,0,0,0,0,0,0.0,0.0,0.0,0.0,0.0,0,117,0.0,,,,0
277,Egan,John Egan,HUL,Hull City,DEF,4.1,0.0,0.1,a,,,,,26,1,5.2,3.0,3.0,3.0,437,5,0,0,3,4,0,0,0,1,0,0,1,71,0.05,0.00,0.05,7.27,50,12,9,59,12.15,110.8,1.3,21.0,13.4,7.0,27825,30274,6.3,,,,0
278,Hughes,Charlie Hughes,HUL,Hull City,DEF,3.9,0.0,-0.1,i,0,0,Groin injury - Unknown return date,2026-08-02T09:00:11.030017Z,0,0,0.0,0.0,0.0,0.0,0,0,0,0,0,0,0,0,0,0,0,0,0,0,0.00,0.00,0.00,0.00,0,0,0,0,0,0.0,0.0,0.0,0.0,0.2,1119,1983,0.0,,,,0
279,Ajayi,Semi Ajayi,HUL,Hull City,DEF,4.2,0.0,0.2,a,100,100,,2026-08-22T17:30:07.668197Z,27,1,5.4,2.3,2.3,2.3,423,5,1,0,3,4,0,0,0,1,0,0,2,79,0.66,0.01,0.67,6.43,21,16,6,27,5.74,85.6,4.2,51.0,14.1,13.9,44612,60434,6.4,,,,1
280,Coyle,Lewie Coyle,HUL,Hull City,DEF,4.0,0.0,0.0,a,100,100,,2026-08-29T16:30:08.151841Z,14,1,2.8,2.7,2.7,2.7,348,5,0,0,2,4,0,0,0,1,0,0,0,49,0.13,0.07,0.20,6.22,8,11,3,11,2.84,24.0,29.9,11.0,6.5,0.7,2121,2095,3.5,,,,0
281,Drameh,Cody Drameh,HUL,Hull City,DEF,4.0,0.0,0.0,u,0,0,Has joined Genoa permanently,2026-09-02T16:09:06.479140Z,2,0,1.0,0.0,0.0,0.0,65,0,0,0,0,0,0,0,0,0,0,0,0,8,0.05,0.00,0.05,0.87,5,4,1,6,8.31,6.4,0.4,1.0,0.8,0.0,0,260,0.5,,,,0
282,Giles,Ryan Giles,HUL,Hull City,DEF,4.0,0.0,0.0,a,,,,,24,0,4.8,4.0,4.0,4.0,444,5,0,1,3,4,0,0,0,1,0,0,2,94,0.02,0.43,0.45,7.33,19,14,5,24,4.86,82.8,132.5,6.0,22.2,2.9,21781,14222,6.0,3,1,,0
283,Jacob,Matty Jacob,HUL,Hull City,DEF,4.0,0.0,0.0,u,0,0,Has joined Newport County on loan until January,2026-08-02T09:00:11.038361Z,0,0,0.0,0.0,0.0,0.0,0,0,0,0,0,0,0,0,0,0,0,0,0,0,0.00,0.00,0.00,0.00,0,0,0,0,0,0.0,0.0,0.0,0.0,0.0,0,36,0.0,,,,0
284,McCarthy,Cathal McCarthy,HUL,Hull City,DEF,4.0,0.0,0.0,a,,,,,0,0,0.0,0.0,0.0,0.0,0,0,0,0,0,0,0,0,0,0,0,0,0,0,0.00,0.00,0.00,0.00,0,0,0,0,0,0.0,0.0,0.0,0.0,0.1,398,445,0.0,,,,0
285,McNair,Paddy McNair,HUL,Hull City,DEF,4.0,0.0,0.0,a,100,100,,2026-09-09T13:30:08.327907Z,1,0,1.0,0.0,0.0,0.0,26,0,0,0,0,0,0,0,0,0,0,0,0,3,0.00,0.00,0.00,0.96,2,1,0,2,6.92,4.2,0.0,0.0,0.4,0.1,197,420,0.2,,,,0
286,Belloumi,Mohamed Belloumi,HUL,Hull City,MID,5.1,0.0,0.1,a,,,,,31,4,6.2,7.3,7.3,7.3,394,5,2,2,3,3,0,0,0,1,0,0,2,111,0.72,0.43,1.15,6.44,14,14,16,44,10.05,157.8,67.5,100.0,32.5,5.2,78659,25919,6.1,2,2,,1
287,Millar,Liam Millar,HUL,Hull City,MID,5.0,0.0,0.0,u,0,0,Has joined Birmingham on loan for the rest of the season,2026-09-02T15:36:41.038103Z,6,0,3.0,0.0,0.0,0.0,50,0,1,0,0,0,0,0,0,1,0,0,0,26,0.58,0.00,0.58,0.87,2,1,1,4,7.2,36.0,1.1,15.0,5.2,0.0,0,311,1.2,,,,0
288,Dowell,Kieran Dowell,HUL,Hull City,MID,4.5,0.0,0.0,a,,,,,0,0,0.0,0.0,0.0,0.0,0,0,0,0,0,0,0,0,0,0,0,0,0,0,0.00,0.00,0.00,0.00,0,0,0,0,0,0.0,0.0,0.0,0.0,0.3,604,2063,0.0,,,,0
289,Crooks,Matt Crooks,HUL,Hull City,MID,4.4,-0.1,-0.1,a,100,100,,2026-08-29T15:00:08.569326Z,3,0,1.0,0.3,0.3,0.3,203,3,0,0,1,4,0,0,0,3,0,0,0,17,0.00,0.12,0.12,3.57,9,4,8,21,9.31,37.8,17.3,0.0,5.4,0.5,5175,4290,0.7,,,,0
290,Slater,Regan Slater,HUL,Hull City,MID,4.5,0.0,0.0,a,,,,,15,2,3.0,2.3,2.3,2.3,437,5,0,1,3,4,0,0,0,1,0,0,0,67,0.21,0.59,0.80,7.27,9,15,9,33,6.8,62.2,85.1,26.0,17.4,5.2,16171,38293,3.3,1,,,0
291,Matazo,Eliot Matazo,HUL,Hull City,MID,4.5,0.0,0.0,i,0,0,Knee injury - Unknown return date,2026-07-23T12:01:23.532635Z,0,0,0.0,0.0,0.0,0.0,0,0,0,0,0,0,0,0,0,0,0,0,0,0,0.00,0.00,0.00,0.00,0,0,0,0,0,0.0,0.0,0.0,0.0,0.0,32,54,0.0,,,,0
292,Ömür,Abdülkadir Ömür,HUL,Hull City,MID,4.9,0.0,-0.1,a,,,,,0,0,0.0,0.0,0.0,0.0,0,0,0,0,0,0,0,0,0,0,0,0,0,0,0.00,0.00,0.00,0.00,0,0,0,0,0,0.0,0.0,0.0,0.0,0.0,87,149,0.0,,,,0
293,Kamara,Abu Kamara,HUL,Hull City,MID,5.0,0.0,0.0,u,0,0,Has joined Portsmouth permanently,2026-08-12T14:08:23.542043Z,0,0,0.0,0.0,0.0,0.0,0,0,0,0,0,0,0,0,0,0,0,0,0,0,0.00,0.00,0.00,0.00,0,0,0,0,0,0.0,0.0,0.0,0.0,0.0,0,12,0.0,,,,0
294,Zambrano,Óscar Zambrano,HUL,Hull City,MID,4.5,0.0,0.0,a,100,100,,2026-08-04T18:30:11.016909Z,0,0,0.0,0.0,0.0,0.0,0,0,0,0,0,0,0,0,0,0,0,0,0,0,0.00,0.00,0.00,0.00,0,0,0,0,0,0.0,0.0,0.0,0.0,0.1,155,499,0.0,,,,0
295,McBurnie,Oli McBurnie,HUL,Hull City,FWD,5.5,0.0,0.0,a,,,,,13,1,2.6,2.3,2.3,2.3,441,5,0,2,3,4,0,0,0,3,0,0,0,52,1.23,0.13,1.36,7.21,9,9,3,21,4.29,47.2,69.1,114.0,23.0,1.9,8353,18378,2.4,,,1,0
296,Akintola,David Akintola,HUL,Hull City,MID,5.0,0.0,0.0,u,0,0,Has joined Omonoia FC permanently,2026-09-11T14:42:38.120231Z,0,0,0.0,0.0,0.0,0.0,0,0,0,0,0,0,0,0,0,0,0,0,0,0,0.00,0.00,0.00,0.00,0,0,0,0,0,0.0,0.0,0.0,0.0,0.0,0,278,0.0,,,,0
297,Gyabi,Darko Gyabi,HUL,Hull City,MID,4.4,-0.1,-0.1,i,0,0,Thigh injury - Unknown return date,2026-08-04T18:30:11.027155Z,0,0,0.0,0.0,0.0,0.0,0,0,0,0,0,0,0,0,0,0,0,0,0,0,0.00,0.00,0.00,0.00,0,0,0,0,0,0.0,0.0,0.0,0.0,0.0,62,149,0.0,,,,0
298,Destan,Enis Destan,HUL,Hull City,FWD,4.5,0.0,0.0,u,0,0,Has joined Konyaspor permanently,2026-08-17T13:50:27.145733Z,0,0,0.0,0.0,0.0,0.0,0,0,0,0,0,0,0,0,0,0,0,0,0,0,0.00,0.00,0.00,0.00,0,0,0,0,0,0.0,0.0,0.0,0.0,0.2,0,1386,0.0,,,,0
299,Burstow,Mason Burstow,HUL,Hull City,FWD,4.5,0.0,0.0,u,0,0,Has joined Sheffield Wednesday on loan for the rest of the season,2026-08-03T14:05:20.234842Z,0,0,0.0,0.0,0.0,0.0,0,0,0,0,0,0,0,0,0,0,0,0,0,0,0.00,0.00,0.00,0.00,0,0,0,0,0,0.0,0.0,0.0,0.0,0.0,0,223,0.0,,,,0
340,Gelhardt,Joe Gelhardt,HUL,Hull City,MID,5.0,0.0,0.0,a,100,100,,2026-08-17T21:30:07.799839Z,1,1,1.0,0.3,0.3,0.3,7,0,0,0,0,0,0,0,0,0,0,0,0,5,0.10,0.02,0.12,0.13,0,1,0,1,12.86,1.6,1.3,12.0,1.5,0.0,100,111,0.2,,,,0
556,Targett,Matt Targett,HUL,Hull City,DEF,4.0,0.0,0.0,d,75,75,Ankle injury - 75% chance of playing,2026-09-17T14:00:26.419938Z,1,0,1.0,0.0,0.0,0.0,5,0,0,0,0,0,0,0,0,0,0,0,0,3,0.00,0.00,0.00,0.07,0,1,0,0,0.0,0.4,0.0,0.0,0.0,1.6,114,10134,0.2,,,,0
563,Morita,Hidemasa Morita,HUL,Hull City,MID,4.9,-0.1,-0.1,i,0,0,Calf injury - Expected back 11 Oct,2026-09-09T14:00:08.474217Z,1,0,1.0,0.0,0.0,0.0,45,1,0,0,0,0,0,0,0,0,0,0,0,6,0.00,0.00,0.00,1.09,2,1,0,3,6.0,11.0,13.4,0.0,2.4,0.0,24,179,0.2,,,,0
572,Tzolakis,Konstantinos Tzolakis,HUL,Hull City,GKP,4.7,0.1,0.2,a,,,,,34,6,6.8,4.7,4.7,4.7,450,5,0,0,3,4,0,1,0,1,0,17,6,129,0.00,0.00,0.00,7.40,2,69,1,0,0.0,150.0,0.0,0.0,15.0,12.8,128026,22963,7.2,,,,2
574,Hjertø-Dahl,Jens Hjertø-Dahl,HUL,Hull City,MID,4.9,0.0,-0.1,a,,,,,1,0,1.0,0.3,0.3,0.3,8,0,0,0,0,0,0,0,0,0,0,0,0,4,0.00,0.00,0.00,0.00,0,1,0,1,11.25,0.0,0.0,0.0,0.0,0.1,78,329,0.2,,,,0
576,Stroud,Elliot Stroud,HUL,Hull City,MID,5.0,0.0,0.0,a,,,,,7,0,1.8,1.3,1.3,1.3,249,4,0,0,2,1,0,0,0,1,0,0,0,17,0.06,0.05,0.11,4.32,3,12,5,20,7.23,8.4,22.7,12.0,3.8,0.1,147,478,1.4,,,,0
585,Herrington,Lucas Herrington,HUL,Hull City,DEF,4.0,0.0,0.0,a,,,,,5,1,1.0,1.0,1.0,1.0,197,1,0,0,0,3,0,0,0,0,0,0,0,19,0.02,0.04,0.06,3.36,14,6,2,16,7.31,42.8,23.1,11.0,7.7,0.6,1060,1723,1.2,,,,0
586,Mendy,Nobel Mendy,HUL,Hull City,DEF,4.1,0.0,0.1,a,0,100,,2026-09-12T18:00:09.334142Z,25,0,6.2,3.0,3.0,0.0,249,4,1,0,2,1,0,0,0,0,0,0,1,69,0.32,0.00,0.32,4.02,32,6,7,39,14.1,108.2,1.4,54.0,16.4,6.3,7320,34004,6.1,,,,1
589,Gourna-Douath,Lucas Gourna-Douath,HUL,Hull City,MID,5.0,0.0,0.0,a,,,,,4,1,1.3,1.0,1.0,1.0,138,1,0,0,1,0,0,0,0,1,0,0,0,18,0.03,0.03,0.06,2.26,5,7,5,17,11.09,29.4,33.5,2.0,6.5,0.0,33,109,0.8,,,,0
617,Cho,Mohamed-Ali Cho,HUL,Hull City,MID,5.0,0.0,0.0,a,,,,,9,6,2.2,2.7,2.7,2.7,72,0,1,0,0,1,0,0,0,0,0,0,0,36,0.79,0.36,1.15,0.98,1,1,0,2,2.5,49.8,43.9,55.0,14.9,0.0,358,155,1.8,,,,0
632,Ansah,Ilyas Ansah,HUL,Hull City,FWD,5.0,0.0,0.0,i,0,0,Back injury - Unknown return date,2026-09-09T10:00:08.919489Z,0,0,0.0,0.0,0.0,0.0,0,0,0,0,0,0,0,0,0,0,0,0,0,0,0.00,0.00,0.00,0.00,0,0,0,0,0,0.0,0.0,0.0,0.0,0.0,76,428,0.0,,,,0
637,Vaz,Robinio Vaz,HUL,Hull City,FWD,5.0,0.0,0.0,a,,,,,2,1,1.0,0.7,0.7,0.7,20,0,0,0,0,0,0,0,0,0,0,0,0,8,0.00,0.01,0.01,0.31,0,2,0,2,9.0,2.4,11.7,2.0,1.6,0.1,1890,1185,0.4,,,,0
638,Norton-Cuffy,Brooke Norton-Cuffy,HUL,Hull City,DEF,4.0,0.0,0.0,d,,75,Hamstring injury - 75% chance of playing,2026-09-21T08:30:09.561308Z,1,0,0.5,0.3,0.2,0.3,34,0,0,0,0,0,0,0,0,1,0,0,0,3,0.05,0.00,0.05,0.30,1,4,0,1,2.65,2.2,0.6,9.0,1.2,0.2,457,2638,0.2,,,,0
642,Thomas,Sorba Thomas,HUL,Hull City,MID,5.5,0.0,0.0,a,,,,,4,2,1.3,1.3,1.3,1.3,119,1,0,0,0,3,0,0,0,0,0,0,0,13,0.21,0.11,0.32,2.04,0,7,1,8,6.05,8.8,40.9,12.0,5.8,0.0,499,358,0.7,,,,0
645,Mouzakitis,Christos Mouzakitis,HUL,Hull City,MID,5.0,0.0,0.0,a,,,,,0,0,0.0,0.0,0.0,0.0,0,0,0,0,0,0,0,0,0,0,0,0,0,0,0.00,0.00,0.00,0.00,0,0,0,0,0,0.0,0.0,0.0,0.0,0.0,91,92,0.0,,,,0
259,Diop,Issa Diop,IPS,Ipswich Town,DEF,4.0,0.0,0.0,a,,,,,12,4,2.4,2.7,2.7,2.7,450,5,0,0,0,11,0,0,0,0,0,0,0,45,0.06,0.16,0.22,8.98,41,21,4,45,9.0,121.6,24.2,9.0,15.5,12.7,7277,56796,3.0,,,,0
267,Lukić,Saša Lukić,IPS,Ipswich Town,MID,4.9,-0.1,-0.1,a,,,,,11,2,2.2,1.7,1.7,1.7,400,5,0,1,0,10,0,0,0,2,0,0,0,68,0.02,0.41,0.43,7.37,17,13,7,37,8.32,71.0,81.2,6.0,15.8,0.1,202,542,2.2,1,,,0
300,Walton,Christian Walton,IPS,Ipswich Town,GKP,4.4,0.0,-0.1,a,,,,,2,2,2.0,0.7,0.7,0.7,90,1,0,0,0,1,0,0,0,0,0,1,0,10,0.00,0.01,0.01,2.24,2,17,0,0,0.0,12.0,0.0,0.0,1.2,0.4,1763,1087,0.5,,,,0
301,Palmer,Alex Palmer,IPS,Ipswich Town,GKP,4.0,0.0,0.0,a,,,,,0,0,0.0,0.0,0.0,0.0,0,0,0,0,0,0,0,0,0,0,0,0,0,0,0.00,0.00,0.00,0.00,0,0,0,0,0,0.0,0.0,0.0,0.0,3.9,4097,12238,0.0,,,,0
302,Button,David Button,IPS,Ipswich Town,GKP,4.0,0.0,0.0,a,,,,,0,0,0.0,0.0,0.0,0.0,0,0,0,0,0,0,0,0,0,0,0,0,0,0,0.00,0.00,0.00,0.00,0,0,0,0,0,0.0,0.0,0.0,0.0,0.6,1510,1367,0.0,,,,0
303,Kipré,Cédric Kipré,IPS,Ipswich Town,DEF,3.9,0.0,-0.1,a,,,,,0,0,0.0,0.0,0.0,0.0,0,0,0,0,0,0,0,0,0,0,0,0,0,0,0.00,0.00,0.00,0.00,0,0,0,0,0,0.0,0.0,0.0,0.0,0.9,4606,4510,0.0,,,,0
304,O'Shea,Dara O'Shea,IPS,Ipswich Town,DEF,4.0,0.0,0.0,a,,,,,10,2,2.0,2.0,2.0,2.0,450,5,0,0,0,11,0,0,0,0,0,0,0,24,0.07,0.26,0.33,8.98,41,18,7,48,9.6,130.0,71.0,21.0,22.1,2.7,2052,15050,2.5,,,,0
305,Davis,Leif Davis,IPS,Ipswich Town,DEF,4.0,0.0,0.0,a,,,,,25,2,5.0,5.7,5.7,5.7,450,5,2,2,0,11,0,0,0,0,0,0,1,52,1.59,0.46,2.05,8.98,22,10,2,24,4.8,144.8,61.9,117.0,32.5,6.9,52335,28748,6.2,,2,,1
306,Greaves,Jacob Greaves,IPS,Ipswich Town,DEF,4.0,0.0,0.0,a,,,,,3,0,0.8,0.7,0.7,0.7,357,4,0,0,0,10,1,0,0,1,0,0,0,12,0.00,0.06,0.06,6.74,25,12,5,30,7.56,68.6,16.9,4.0,9.0,1.1,491,3582,0.8,,,,0
307,Johnson,Ben Johnson,IPS,Ipswich Town,DEF,4.0,0.0,0.0,u,0,0,Has joined Stoke City on loan for the rest of the season,2026-09-04T12:36:56.236331Z,0,0,0.0,0.0,0.0,0.0,0,0,0,0,0,0,0,0,0,0,0,0,0,0,0.00,0.00,0.00,0.00,0,0,0,0,0,0.0,0.0,0.0,0.0,0.1,0,366,0.0,,,,0
308,Furlong,Darnell Furlong,IPS,Ipswich Town,DEF,3.9,0.0,-0.1,a,,,,,1,0,1.0,0.0,0.0,0.0,17,0,0,0,0,1,0,0,0,0,0,0,0,-1,0.00,0.00,0.00,0.86,2,0,1,3,15.88,5.0,0.5,0.0,0.6,0.6,6543,3019,0.3,,,,0
309,Núñez,Marcelino Núñez,IPS,Ipswich Town,MID,4.9,0.0,-0.1,a,,,,,6,0,3.0,0.0,0.0,0.0,140,2,0,0,0,4,0,0,0,0,0,0,0,32,0.03,0.05,0.08,3.48,8,10,3,21,13.5,24.6,19.4,6.0,5.0,0.1,100,665,1.2,3,1,,0
310,Matusiwa,Azor Matusiwa,IPS,Ipswich Town,MID,4.9,0.0,-0.1,a,100,100,,2026-07-29T18:00:10.305484Z,0,0,0.0,0.0,0.0,0.0,0,0,0,0,0,0,0,0,0,0,0,0,0,0,0.00,0.00,0.00,0.00,0,0,0,0,0,0.0,0.0,0.0,0.0,0.0,16,18,0.0,,,,0
311,Burns,Wes Burns,IPS,Ipswich Town,MID,5.0,0.0,0.0,u,0,0,Has joined Leicester City permanently,2026-08-10T14:02:47.597478Z,0,0,0.0,0.0,0.0,0.0,0,0,0,0,0,0,0,0,0,0,0,0,0,0,0.00,0.00,0.00,0.00,0,0,0,0,0,0.0,0.0,0.0,0.0,0.0,0,8,0.0,,,,0
312,Taylor,Jack Taylor,IPS,Ipswich Town,MID,4.4,-0.1,-0.1,i,0,0,Knee injury - Unknown return date,2026-07-29T18:00:10.319370Z,0,0,0.0,0.0,0.0,0.0,0,0,0,0,0,0,0,0,0,0,0,0,0,0,0.00,0.00,0.00,0.00,0,0,0,0,0,0.0,0.0,0.0,0.0,0.0,388,282,0.0,,,,0
313,Clarke,Jack Clarke,IPS,Ipswich Town,MID,5.4,0.0,-0.1,a,,,,,11,2,2.8,1.3,1.3,1.3,170,2,1,0,0,2,0,0,0,1,0,0,1,48,0.30,0.37,0.67,1.97,3,5,2,10,5.29,52.0,55.4,45.0,15.2,0.2,154,956,2.0,4,3,1,0
314,Ogbene,Chiedozie Ogbene,IPS,Ipswich Town,MID,4.9,0.0,-0.1,u,0,0,Has joined Lincoln City on loan until January,2026-09-02T16:04:17.497385Z,0,0,0.0,0.0,0.0,0.0,0,0,0,0,0,0,0,0,0,0,0,0,0,0,0.00,0.00,0.00,0.00,0,0,0,0,0,0.0,0.0,0.0,0.0,0.0,0,66,0.0,,,,0
315,Fatawu,Abdul Fatawu,IPS,Ipswich Town,MID,5.4,0.0,-0.1,s,,0,Suspended until 17 Oct,2026-09-19T15:30:10.126897Z,8,-1,1.6,0.7,0.0,0.7,352,5,0,1,0,10,0,0,0,2,1,0,0,71,0.17,1.11,1.28,7.79,8,11,9,28,7.16,64.8,133.7,41.0,24.0,0.2,59,2588,1.5,2,,,0
316,Emersonn,Emersonn Correia da Silva,IPS,Ipswich Town,FWD,5.5,0.0,0.0,a,100,100,,2026-08-31T09:30:08.306145Z,26,2,5.2,5.3,5.3,5.3,317,5,2,1,0,6,0,0,0,0,0,0,6,110,1.61,0.12,1.73,4.29,3,4,3,10,2.84,98.8,50.4,104.0,25.3,3.6,36278,23673,4.7,,,2,1
317,Hirst,George Hirst,IPS,Ipswich Town,FWD,5.0,0.0,0.0,u,0,0,Has joined Stoke City permanently,2026-08-21T13:06:08.606019Z,0,0,0.0,0.0,0.0,0.0,0,0,0,0,0,0,0,0,0,0,0,0,0,0,0.00,0.00,0.00,0.00,0,0,0,0,0,0.0,0.0,0.0,0.0,0.1,0,492,0.0,,,,0
318,Philogene,Jaden Philogene,IPS,Ipswich Town,MID,5.4,0.0,-0.1,a,100,100,,2026-08-25T11:30:07.532993Z,2,1,1.0,0.7,0.7,0.7,52,0,0,0,0,1,0,0,0,0,0,0,0,11,0.08,0.01,0.08,0.97,0,4,0,4,6.92,4.8,4.6,13.0,2.2,0.1,34,165,0.4,5,,3,0
319,Szmodics,Sam Szmodics,IPS,Ipswich Town,MID,5.0,0.0,0.0,u,0,0,Has joined Derby County on loan for the rest of the season,2026-08-17T13:51:41.713979Z,0,0,0.0,0.0,0.0,0.0,0,0,0,0,0,0,0,0,0,0,0,0,0,0,0.00,0.00,0.00,0.00,0,0,0,0,0,0.0,0.0,0.0,0.0,0.0,0,14,0.0,,,,0
320,Akpom,Chuba Akpom,IPS,Ipswich Town,FWD,5.0,0.0,0.0,a,,,,,7,1,2.3,0.3,0.3,0.3,78,0,1,0,0,4,0,0,0,0,0,0,0,36,1.14,0.00,1.14,4.20,0,2,1,3,3.46,34.6,2.5,24.0,6.1,1.2,5120,9810,1.4,,,,0
321,Walle Egeli,Sindre Walle Egeli,IPS,Ipswich Town,FWD,4.5,0.0,0.0,a,,,,,1,0,1.0,0.0,0.0,0.0,10,0,0,0,0,0,0,0,0,0,0,0,0,3,0.00,0.00,0.00,0.03,0,0,0,0,0.0,0.0,0.1,0.0,0.0,3.5,18664,27404,0.2,,,,0
322,Al-Hamadi,Ali Al-Hamadi,IPS,Ipswich Town,FWD,5.0,0.0,0.0,u,0,0,Has joined Sheffield Wednesday on loan for the rest of the season,2026-08-27T14:54:10.215357Z,0,0,0.0,0.0,0.0,0.0,0,0,0,0,0,0,0,0,0,0,0,0,0,0,0.00,0.00,0.00,0.00,0,0,0,0,0,0.0,0.0,0.0,0.0,0.0,0,385,0.0,,,,0
323,McAteer,Kasey McAteer,IPS,Ipswich Town,MID,4.4,-0.1,-0.1,a,,,,,3,0,1.0,0.3,0.3,0.3,42,0,0,0,0,0,0,0,0,0,0,0,0,12,0.05,0.00,0.05,0.21,0,4,1,5,10.71,4.6,1.8,7.0,1.4,1.0,1575,6598,0.7,,,,0
324,Mehmeti,Anis Mehmeti,IPS,Ipswich Town,MID,4.8,-0.1,-0.2,a,,,,,0,0,0.0,0.0,0.0,0.0,0,0,0,0,0,0,0,0,0,0,0,0,0,0,0.00,0.00,0.00,0.00,0,0,0,0,0,0.0,0.0,0.0,0.0,0.0,76,149,0.0,,,,0
554,Van Oevelen,Kayne van Oevelen,IPS,Ipswich Town,GKP,4.5,0.0,0.0,u,0,0,Has joined Valencia on loan for the rest of the season,2026-08-25T14:04:09.529320Z,0,0,0.0,0.0,0.0,0.0,0,0,0,0,0,0,0,0,0,0,0,0,0,0,0.00,0.00,0.00,0.00,0,0,0,0,0,0.0,0.0,0.0,0.0,0.0,0,85,0.0,,,,0
562,Maeda,Daizen Maeda,IPS,Ipswich Town,MID,5.3,-0.1,-0.2,a,,,,,8,1,1.6,1.3,1.3,1.3,259,3,0,0,0,8,0,0,0,0,0,0,0,32,0.71,0.02,0.73,6.05,8,4,8,20,6.95,31.0,5.5,47.0,8.1,0.2,142,1501,1.5,,,,0
564,Scherpen,Kjell Scherpen,IPS,Ipswich Town,GKP,4.5,0.0,0.0,a,,,,,7,0,1.8,1.0,1.0,1.0,360,4,0,0,0,10,0,0,0,0,0,15,0,40,0.00,0.01,0.01,6.74,8,39,0,0,0.0,103.6,0.0,0.0,10.3,0.6,670,2847,1.6,,,,0
571,Florentino,Florentino Ibrain Morris Luís,IPS,Ipswich Town,MID,4.8,-0.1,-0.2,a,100,100,,2026-08-25T11:30:07.678802Z,2,1,1.0,0.7,0.7,0.7,30,0,0,0,0,0,0,0,0,0,0,0,0,9,0.00,0.01,0.01,0.75,1,0,1,2,6.0,9.0,22.3,2.0,3.2,0.1,117,347,0.4,,,,0
591,Enciso,Julio Enciso,IPS,Ipswich Town,MID,5.5,0.0,0.0,a,100,100,,2026-08-22T18:00:07.551930Z,15,2,3.0,1.7,1.7,1.7,413,5,0,2,0,11,0,0,0,1,0,0,0,83,1.26,0.89,2.15,8.47,5,24,2,31,6.76,60.2,75.6,100.0,23.6,0.8,2356,6237,2.7,,,,0
592,Ouattara,Abdoul Ouattara,IPS,Ipswich Town,DEF,4.0,0.0,0.0,a,,,,,6,2,1.2,1.3,1.3,1.3,131,1,0,0,0,2,0,0,0,0,0,0,0,29,0.02,0.03,0.05,3.13,7,14,4,11,7.56,31.6,36.2,9.0,7.6,0.9,706,2120,1.5,,,,0
602,Humphreys,Cameron Humphreys,IPS,Ipswich Town,MID,4.5,0.0,0.0,u,0,0,Has joined Huddersfield Town on loan for the rest of the season,2026-09-02T16:04:17.524642Z,0,0,0.0,0.0,0.0,0.0,0,0,0,0,0,0,0,0,0,0,0,0,0,0,0.00,0.00,0.00,0.00,0,0,0,0,0,0.0,0.0,0.0,0.0,0.0,0,245,0.0,,,,0
619,Palacios,Exequiel Palacios,IPS,Ipswich Town,MID,5.0,0.0,0.0,a,,,,,11,2,2.8,3.3,3.3,3.3,275,3,0,0,0,7,0,0,0,0,0,0,0,64,0.00,0.09,0.09,5.30,12,23,9,44,14.4,55.4,46.6,4.0,10.6,0.1,529,857,2.2,,,,0
640,Flemming,Zian Flemming,IPS,Ipswich Town,FWD,5.5,0.0,0.0,a,,,,,6,0,2.0,2.0,2.0,2.0,60,0,1,0,0,1,0,0,0,1,0,0,0,34,0.64,0.01,0.65,0.63,1,3,1,5,7.5,38.2,12.1,55.0,10.5,0.1,962,1013,1.1,,,,0
260,Wilson,Harry Wilson,LEE,Leeds,MID,6.2,0.0,-0.3,i,0,0,Thigh injury - Unknown return date,2026-09-18T13:30:09.626858Z,5,0,1.2,0.3,0.0,0.0,145,1,0,0,1,1,0,0,0,1,0,0,0,19,0.01,0.09,0.10,3.28,3,4,4,11,6.83,19.2,52.4,12.0,8.5,1.7,75,41348,0.8,2,2,,0
326,Perri,Lucas Estella Perri,LEE,Leeds,GKP,4.5,0.0,0.0,u,0,0,Has joined Torino on loan for the rest of the season,2026-09-01T13:12:39.210133Z,0,0,0.0,0.0,0.0,0.0,0,0,0,0,0,0,0,0,0,0,0,0,0,0,0.00,0.00,0.00,0.00,0,0,0,0,0,0.0,0.0,0.0,0.0,0.3,0,1327,0.0,,,,0
327,Bijol,Jaka Bijol,LEE,Leeds,DEF,5.0,0.0,0.0,a,,,,,12,0,4.0,0.3,0.3,0.3,164,2,0,0,1,2,0,0,0,0,0,0,2,29,0.11,0.00,0.11,3.16,18,7,3,21,11.52,38.2,0.6,15.0,5.4,0.7,815,5650,2.4,,,,0
329,Rodon,Joe Rodon,LEE,Leeds,DEF,4.3,-0.1,-0.2,i,0,0,Hamstring injury - Expected back 21 Nov,2026-08-30T16:00:08.564382Z,7,0,3.5,0.0,0.0,0.0,123,2,0,0,1,0,0,0,0,0,0,0,0,25,0.03,0.06,0.09,1.01,10,2,1,11,8.05,23.0,14.7,7.0,4.5,0.8,48,8999,1.6,,,,0
330,Bogle,Jayden Bogle,LEE,Leeds,DEF,4.6,0.0,0.1,a,,,,,42,5,8.4,11.3,11.3,11.3,365,5,2,0,4,1,0,0,0,2,0,0,6,122,1.38,0.08,1.46,2.89,11,11,5,16,3.95,108.8,34.6,119.0,26.2,7.3,129136,26722,9.1,,,,2
331,Gudmundsson,Gabriel Gudmundsson,LEE,Leeds,DEF,4.5,0.0,0.0,a,100,100,,2026-08-08T20:00:07.546568Z,14,6,4.7,4.7,4.7,4.7,252,3,0,0,2,1,0,0,0,0,0,0,0,62,0.00,0.21,0.21,3.83,5,12,9,14,5.0,38.6,29.5,8.0,7.7,0.1,559,342,3.1,,,,0
332,Justin,James Justin,LEE,Leeds,DEF,4.5,0.0,0.0,a,,,,,26,8,5.2,4.7,4.7,4.7,450,5,0,0,2,3,0,0,0,0,0,0,4,91,0.22,0.42,0.64,6.46,28,14,16,44,8.8,103.6,56.1,41.0,20.0,1.4,4397,6034,5.8,,,,0
333,Bornauw,Sebastiaan Bornauw,LEE,Leeds,DEF,4.5,0.0,0.0,u,0,0,Has joined Hamburg SV on loan for the rest of the season,2026-08-19T13:56:14.645970Z,0,0,0.0,0.0,0.0,0.0,0,0,0,0,0,0,0,0,0,0,0,0,0,0,0.00,0.00,0.00,0.00,0,0,0,0,0,0.0,0.0,0.0,0.0,0.0,0,5,0.0,,,,0
334,Muharemović,Tarik Muharemović,LEE,Leeds,DEF,5.0,0.0,0.0,a,,,,,27,6,5.4,5.7,5.7,5.7,450,5,0,1,2,3,0,0,0,0,0,0,0,101,0.49,0.05,0.54,6.46,53,16,5,58,11.6,147.4,13.6,41.0,20.2,4.3,29006,24917,5.4,,,,0
335,Stach,Anton Stach,LEE,Leeds,MID,6.0,0.0,0.0,a,,,,,27,5,5.4,3.3,3.3,3.3,447,5,1,0,3,2,0,0,0,0,0,0,3,86,0.97,0.31,1.28,6.17,27,21,13,61,12.28,116.4,93.3,55.0,26.5,2.5,4965,19935,4.5,1,1,,1
336,Okafor,Noah Okafor,LEE,Leeds,MID,5.8,0.0,-0.2,a,,,,,18,3,3.6,5.0,5.0,5.0,299,4,1,0,3,1,0,0,0,0,0,0,1,82,0.17,0.27,0.44,2.37,3,8,7,18,5.42,67.0,41.4,40.0,14.8,0.4,1815,3472,3.1,,,,0
337,Aaronson,Brenden Aaronson,LEE,Leeds,MID,5.3,-0.1,-0.2,a,,,,,7,1,1.4,1.0,1.0,1.0,194,2,0,0,1,3,0,0,0,0,0,0,0,36,0.01,0.02,0.03,3.78,1,11,3,15,6.96,11.8,3.7,9.0,2.5,0.5,215,3459,1.3,,4,,0
338,Ampadu,Ethan Ampadu,LEE,Leeds,MID,5.4,0.0,-0.1,a,,,,,21,5,4.2,4.7,4.7,4.7,450,5,0,1,2,3,0,0,0,0,0,0,0,87,0.08,0.26,0.34,6.46,24,24,12,60,12.0,88.6,67.1,5.0,16.1,0.9,1667,5052,3.9,,,,0
339,Longstaff,Sean Longstaff,LEE,Leeds,MID,4.8,-0.1,-0.2,a,,,,,2,0,1.0,0.3,0.3,0.3,10,0,0,0,0,1,0,0,0,0,0,0,0,7,0.00,0.00,0.00,0.35,0,0,0,0,0.0,0.0,0.2,0.0,0.0,0.1,138,645,0.4,3,3,,0
341,Gnonto,Wilfried Gnonto,LEE,Leeds,MID,5.0,0.0,0.0,u,0,0,Has joined ACF Fiorentina on loan for the rest of the season,2026-09-02T16:04:47.189648Z,0,0,0.0,0.0,0.0,0.0,0,0,0,0,0,0,0,0,0,0,0,0,0,0,0.00,0.00,0.00,0.00,0,0,0,0,0,0.0,0.0,0.0,0.0,0.0,0,54,0.0,,,,0
342,Harrison,Jack Harrison,LEE,Leeds,MID,5.0,0.0,0.0,u,0,0,Has joined New England Revolution permanently,2026-07-28T12:59:09.492431Z,0,0,0.0,0.0,0.0,0.0,0,0,0,0,0,0,0,0,0,0,0,0,0,0,0.00,0.00,0.00,0.00,0,0,0,0,0,0.0,0.0,0.0,0.0,0.0,0,5,0.0,,,,0
343,James,Daniel James,LEE,Leeds,MID,4.9,0.0,-0.1,a,,,,,3,1,1.0,0.7,0.7,0.7,52,0,0,0,0,1,0,0,0,0,0,0,0,9,0.35,0.01,0.36,1.61,1,4,0,5,8.65,1.2,1.3,19.0,1.9,0.1,191,566,0.6,,,,0
344,Gruev,Ilia Gruev,LEE,Leeds,MID,5.0,0.0,0.0,a,100,100,,2026-08-14T23:00:06.272027Z,0,0,0.0,0.0,0.0,0.0,0,0,0,0,0,0,0,0,0,0,0,0,0,0,0.00,0.00,0.00,0.00,0,0,0,0,0,0.0,0.0,0.0,0.0,0.0,49,22,0.0,,,,0
345,Tanaka,Tanaka Ao,LEE,Leeds,MID,4.9,0.0,-0.1,a,,,,,14,2,3.5,4.3,4.3,4.3,255,3,0,2,2,1,0,0,0,1,0,0,0,48,0.73,0.05,0.78,3.24,11,10,8,29,10.24,50.0,18.3,20.0,8.6,0.3,2306,2321,2.9,4,,,0
346,Calvert-Lewin,Dominic Calvert-Lewin,LEE,Leeds,FWD,6.0,0.0,0.0,a,,,,,22,2,4.4,4.3,4.3,4.3,419,5,2,1,3,2,0,0,0,3,0,0,4,73,3.00,0.08,3.08,4.85,9,13,0,22,4.73,104.0,29.6,153.0,28.2,24.8,96830,172957,3.7,,,1,0
347,Nmecha,Lukas Nmecha,LEE,Leeds,FWD,5.4,0.0,-0.1,a,,,,,7,1,1.8,1.0,1.0,1.0,64,0,0,1,0,1,0,0,0,0,0,0,0,28,0.27,0.15,0.42,2.90,0,3,1,4,5.62,20.4,22.4,15.0,5.7,0.5,2072,3794,1.3,,,2,0
348,Piroe,Joël Piroe,LEE,Leeds,FWD,5.0,0.0,0.0,u,0,0,Has joined West Ham United on loan for the rest of the season,2026-08-19T13:56:14.666726Z,0,0,0.0,0.0,0.0,0.0,0,0,0,0,0,0,0,0,0,0,0,0,0,0,0.00,0.00,0.00,0.00,0,0,0,0,0,0.0,0.0,0.0,0.0,0.1,0,434,0.0,,,3,0
349,Mateo Joseph,Mateo Joseph Fernández-Regatillo,LEE,Leeds,FWD,4.5,0.0,0.0,i,0,0,Knee injury - Unknown return date,2026-07-29T18:00:10.338170Z,0,0,0.0,0.0,0.0,0.0,0,0,0,0,0,0,0,0,0,0,0,0,0,0,0.00,0.00,0.00,0.00,0,0,0,0,0,0.0,0.0,0.0,0.0,0.1,324,492,0.0,,,,0
385,Trafford,James Trafford,LEE,Leeds,GKP,5.0,0.0,0.0,a,,,,,28,10,5.6,5.3,5.3,5.3,450,5,0,0,2,3,0,0,0,0,0,20,5,117,0.00,0.00,0.00,6.46,6,55,0,0,0.0,148.6,0.0,0.0,14.9,5.5,23393,15513,5.6,,,,0
598,Elvedi,Nico Elvedi,LEE,Leeds,DEF,4.5,0.0,0.0,a,,,,,13,6,3.2,4.0,4.0,4.0,326,3,0,0,1,3,0,0,0,0,0,0,0,56,0.12,0.58,0.70,5.45,27,8,2,29,8.01,83.0,25.4,39.0,14.8,0.1,240,245,2.9,,,,0
603,Lienou,Jayden Lienou,LEE,Leeds,DEF,4.0,0.0,0.0,a,,,,,0,0,0.0,0.0,0.0,0.0,0,0,0,0,0,0,0,0,0,0,0,0,0,0,0.00,0.00,0.00,0.00,0,0,0,0,0,0.0,0.0,0.0,0.0,0.1,245,526,0.0,,,,0
604,Cresswell,Alfie Cresswell,LEE,Leeds,MID,4.5,0.0,0.0,a,,,,,0,0,0.0,0.0,0.0,0.0,0,0,0,0,0,0,0,0,0,0,0,0,0,0,0.00,0.00,0.00,0.00,0,0,0,0,0,0.0,0.0,0.0,0.0,0.1,312,909,0.0,,,,0
625,Cairns,Alex Cairns,LEE,Leeds,GKP,4.0,0.0,0.0,a,,,,,0,0,0.0,0.0,0.0,0.0,0,0,0,0,0,0,0,0,0,0,0,0,0,0,0.00,0.00,0.00,0.00,0,0,0,0,0,0.0,0.0,0.0,0.0,0.2,860,795,0.0,,,,0
629,Zetterer,Michael Zetterer,LEE,Leeds,GKP,4.0,0.0,0.0,a,,,,,0,0,0.0,0.0,0.0,0.0,0,0,0,0,0,0,0,0,0,0,0,0,0,0,0.00,0.00,0.00,0.00,0,0,0,0,0,0.0,0.0,0.0,0.0,0.7,3105,2838,0.0,,,,0
641,Bard,Melvin Bard,LEE,Leeds,DEF,4.5,0.0,0.0,a,,,,,1,0,1.0,0.3,0.3,0.3,18,0,0,0,0,1,0,0,0,0,0,0,0,1,0.00,0.00,0.00,0.30,1,2,1,2,10.0,4.4,10.3,0.0,1.5,0.0,98,80,0.2,,,,0
648,Bahoya,Jean-Mattéo Bahoya,LEE,Leeds,MID,5.0,0.0,0.0,a,,,,,1,1,1.0,0.3,0.3,0.3,1,0,0,0,0,0,0,0,0,0,0,0,0,5,0.00,0.00,0.00,0.00,0,0,0,0,0.0,1.0,0.3,0.0,0.1,0.0,113,177,0.2,,,,0
350,A.Becker,Alisson Becker,LIV,Liverpool,GKP,5.5,0.0,0.0,a,,,,,27,8,5.4,8.3,8.3,8.3,450,5,0,0,3,4,0,0,0,1,0,14,5,96,0.00,0.00,0.00,6.12,10,47,0,0,0.0,99.2,0.0,0.0,9.9,4.1,13974,12143,4.9,,,,0
351,Mamardashvili,Giorgi Mamardashvili,LIV,Liverpool,GKP,4.8,-0.1,-0.2,a,,,,,0,0,0.0,0.0,0.0,0.0,0,0,0,0,0,0,0,0,0,0,0,0,0,0,0.00,0.00,0.00,0.00,0,0,0,0,0,0.0,0.0,0.0,0.0,0.1,262,637,0.0,,,,0
352,Woodman,Freddie Woodman,LIV,Liverpool,GKP,4.0,0.0,0.0,a,,,,,0,0,0.0,0.0,0.0,0.0,0,0,0,0,0,0,0,0,0,0,0,0,0,0,0.00,0.00,0.00,0.00,0,0,0,0,0,0.0,0.0,0.0,0.0,1.0,806,2406,0.0,,,,0
353,Pecsi,Armin Pecsi,LIV,Liverpool,GKP,4.0,0.0,0.0,u,0,0,Has joined TSV Hartberg on loan for the rest of the season,2026-08-18T14:11:18.638344Z,0,0,0.0,0.0,0.0,0.0,0,0,0,0,0,0,0,0,0,0,0,0,0,0,0.00,0.00,0.00,0.00,0,0,0,0,0,0.0,0.0,0.0,0.0,0.0,0,66,0.0,,,,0
354,Jaros,Vitezslav Jaros,LIV,Liverpool,GKP,4.0,0.0,0.0,i,0,0,Knee injury - Unknown return date,2026-07-29T18:00:10.351066Z,0,0,0.0,0.0,0.0,0.0,0,0,0,0,0,0,0,0,0,0,0,0,0,0,0.00,0.00,0.00,0.00,0,0,0,0,0,0.0,0.0,0.0,0.0,0.0,209,161,0.0,,,,0
355,Davies,Harvey Davies,LIV,Liverpool,GKP,4.0,0.0,0.0,a,,,,,0,0,0.0,0.0,0.0,0.0,0,0,0,0,0,0,0,0,0,0,0,0,0,0,0.00,0.00,0.00,0.00,0,0,0,0,0,0.0,0.0,0.0,0.0,0.2,300,480,0.0,,,,0
356,Virgil,Virgil van Dijk,LIV,Liverpool,DEF,6.5,0.0,0.0,a,,,,,25,8,5.0,7.3,7.3,7.3,450,5,0,0,3,4,0,0,0,1,0,0,0,96,0.25,0.08,0.33,6.12,43,18,5,48,9.6,125.0,22.3,26.0,17.4,16.2,22616,44991,3.8,,,,0
357,Frimpong,Jeremie Frimpong,LIV,Liverpool,DEF,5.3,0.0,-0.2,a,,,,,2,0,0.7,0.3,0.3,0.3,178,2,0,0,0,4,0,0,0,1,0,0,0,24,0.01,0.23,0.24,3.91,8,7,4,12,6.07,39.4,76.5,16.0,13.2,1.8,1664,13009,0.4,,,,0
358,Kerkez,Milos Kerkez,LIV,Liverpool,DEF,5.3,-0.1,-0.2,a,,,,,13,6,2.6,4.0,4.0,4.0,385,4,0,0,2,4,0,0,0,2,0,0,0,63,0.07,0.08,0.15,5.65,22,10,8,30,7.01,75.4,47.3,14.0,13.7,2.2,2692,10817,2.5,,,,0
359,Gomez,Joe Gomez,LIV,Liverpool,DEF,4.9,0.0,-0.1,a,100,100,,2026-07-26T08:30:10.078473Z,0,0,0.0,0.0,0.0,0.0,0,0,0,0,0,0,0,0,0,0,0,0,0,0,0.00,0.00,0.00,0.00,0,0,0,0,0,0.0,0.0,0.0,0.0,0.0,333,119,0.0,,,,0
360,Bradley,Conor Bradley,LIV,Liverpool,DEF,5.0,0.0,0.0,i,0,0,Knee injury - Unknown return date,2026-07-23T12:01:23.565711Z,0,0,0.0,0.0,0.0,0.0,0,0,0,0,0,0,0,0,0,0,0,0,0,0,0.00,0.00,0.00,0.00,0,0,0,0,0,0.0,0.0,0.0,0.0,0.0,58,87,0.0,,,,0
361,Lucky,Wellity Lucky,LIV,Liverpool,DEF,4.0,0.0,0.0,a,,,,,0,0,0.0,0.0,0.0,0.0,0,0,0,0,0,0,0,0,0,0,0,0,0,0,0.00,0.00,0.00,0.00,0,0,0,0,0,0.0,0.0,0.0,0.0,0.1,303,594,0.0,,,,0
362,Jacquet,Jeremy Jacquet,LIV,Liverpool,DEF,5.0,0.0,0.0,a,100,100,,2026-07-23T12:01:23.581126Z,24,6,4.8,6.7,6.7,6.7,415,5,0,0,3,4,0,0,0,1,0,0,3,112,0.00,0.14,0.14,5.51,25,21,11,36,7.81,106.2,44.5,4.0,15.5,3.5,34910,13820,4.8,,,,0
363,Leoni,Giovanni Leoni,LIV,Liverpool,DEF,4.0,0.0,0.0,i,0,0,Knee injury - Unknown return date,2026-07-23T12:01:23.596909Z,0,0,0.0,0.0,0.0,0.0,0,0,0,0,0,0,0,0,0,0,0,0,0,0,0.00,0.00,0.00,0.00,0,0,0,0,0,0.0,0.0,0.0,0.0,0.0,67,185,0.0,,,,0
364,Tsimikas,Kostas Tsimikas,LIV,Liverpool,DEF,4.9,0.0,-0.1,a,,,,,2,0,1.0,0.3,0.3,0.3,64,1,0,0,0,0,0,0,0,0,0,0,0,6,0.04,0.02,0.06,0.47,2,3,1,3,4.22,6.4,2.9,9.0,1.8,0.1,101,400,0.4,4,,,0
365,Ramsay,Calvin Ramsay,LIV,Liverpool,DEF,4.0,0.0,0.0,u,0,0,Has joined St Mirren on loan for the rest of the season,2026-08-26T14:05:26.748768Z,0,0,0.0,0.0,0.0,0.0,0,0,0,0,0,0,0,0,0,0,0,0,0,0,0.00,0.00,0.00,0.00,0,0,0,0,0,0.0,0.0,0.0,0.0,0.1,0,495,0.0,,,,0
366,Wirtz,Florian Wirtz,LIV,Liverpool,MID,7.3,0.0,-0.2,a,,,,,18,6,3.6,4.0,4.0,4.0,402,5,0,2,3,4,0,0,0,1,0,0,0,92,1.00,0.40,1.40,4.82,3,25,8,36,8.06,65.0,147.3,101.0,31.4,5.7,4072,42793,2.5,2,2,4,0
367,Gakpo,Cody Gakpo,LIV,Liverpool,MID,7.2,0.0,0.2,d,100,75,Ankle injury - 75% chance of playing,2026-09-27T21:30:07.786183Z,32,3,6.4,5.0,3.8,5.0,370,4,1,3,2,4,0,0,0,0,0,0,5,113,0.64,1.71,2.35,5.51,9,15,8,32,7.78,133.4,148.8,70.0,35.2,12.3,51566,97726,4.4,3,,3,2
368,Szoboszlai,Dominik Szoboszlai,LIV,Liverpool,MID,6.9,-0.1,-0.1,a,,,,,20,2,4.0,2.7,2.7,2.7,440,5,1,0,3,4,0,0,0,1,0,0,1,103,1.42,0.82,2.24,5.99,13,22,6,41,8.39,108.8,178.0,57.0,34.4,32.7,37565,222208,2.9,1,1,1,0
369,Ngumoha,Rio Ngumoha,LIV,Liverpool,MID,5.7,-0.1,-0.3,a,,,,,4,0,1.3,0.3,0.3,0.3,99,1,0,0,0,2,0,0,0,0,0,0,0,13,0.15,0.05,0.20,0.68,1,2,1,4,3.64,4.4,8.1,11.0,2.1,0.5,813,4334,0.7,,,,0
370,Chiesa,Federico Chiesa,LIV,Liverpool,MID,5.3,-0.1,-0.2,i,0,0,Back injury - Unknown return date,2026-08-27T13:30:07.598926Z,0,0,0.0,0.0,0.0,0.0,0,0,0,0,0,0,0,0,0,0,0,0,0,0,0.00,0.00,0.00,0.00,0,0,0,0,0,0.0,0.0,0.0,0.0,0.0,17,257,0.0,,,,0
371,Gravenberch,Ryan Gravenberch,LIV,Liverpool,MID,5.8,-0.1,-0.2,a,,,,,9,1,1.8,1.0,1.0,1.0,190,2,0,1,0,2,0,0,0,0,0,0,0,51,0.10,0.08,0.18,2.02,10,11,4,25,11.84,50.6,42.7,6.0,9.9,1.1,1263,9296,1.6,,,,0
372,Mac Allister,Alexis Mac Allister,LIV,Liverpool,MID,5.4,0.0,-0.1,a,,,,,11,5,2.2,2.7,2.7,2.7,306,3,0,0,2,2,0,0,0,1,0,0,0,59,0.10,0.49,0.59,4.85,11,19,11,41,12.06,58.2,50.8,26.0,13.5,1.3,3938,7016,2.0,,,5,0
373,C.Jones,Curtis Jones,LIV,Liverpool,MID,5.5,0.0,0.0,u,0,0,Has joined Internazionale permanently,2026-08-16T18:30:07.426408Z,0,0,0.0,0.0,0.0,0.0,0,0,0,0,0,0,0,0,0,0,0,0,0,0,0.00,0.00,0.00,0.00,0,0,0,0,0,0.0,0.0,0.0,0.0,0.0,0,64,0.0,,,,0
374,Endo,Endo Wataru,LIV,Liverpool,MID,4.9,0.0,-0.1,a,100,100,,2026-07-23T12:01:23.612529Z,0,0,0.0,0.0,0.0,0.0,0,0,0,0,0,0,0,0,0,0,0,0,0,0,0.00,0.00,0.00,0.00,0,0,0,0,0,0.0,0.0,0.0,0.0,0.1,171,455,0.0,,,,0
375,Nyoni,Trey Nyoni,LIV,Liverpool,MID,4.9,0.0,-0.1,a,,,,,3,1,1.0,0.7,0.7,0.7,38,0,0,0,0,0,0,0,0,0,0,0,0,9,0.00,0.00,0.00,0.36,6,2,2,10,23.68,16.2,2.9,0.0,1.9,0.0,95,314,0.6,,,,0
376,Bajcetic,Stefan Bajčetić Maquieira,LIV,Liverpool,MID,5.0,0.0,0.0,u,0,0,Has joined Celta Vigo permanently,2026-07-23T12:01:23.628373Z,0,0,0.0,0.0,0.0,0.0,0,0,0,0,0,0,0,0,0,0,0,0,0,0,0.00,0.00,0.00,0.00,0,0,0,0,0,0.0,0.0,0.0,0.0,0.0,0,3,0.0,,,,0
377,Munoz,Victor Munoz,LIV,Liverpool,MID,6.5,0.0,0.0,a,,,,,15,1,3.0,1.7,1.7,1.7,257,3,1,1,1,2,0,0,0,1,0,0,0,60,0.52,0.31,0.83,4.63,5,8,3,16,5.6,56.2,42.4,86.0,18.5,0.9,1530,11713,2.3,,,,0
378,McConnell,James McConnell,LIV,Liverpool,MID,4.4,0.0,-0.1,a,,,,,0,0,0.0,0.0,0.0,0.0,0,0,0,0,0,0,0,0,0,0,0,0,0,0,0.00,0.00,0.00,0.00,0,0,0,0,0,0.0,0.0,0.0,0.0,0.2,1074,1535,0.0,,,,0
379,Isak,Alexander Isak,LIV,Liverpool,FWD,9.1,0.0,0.1,d,,75,Thigh injury - 75% chance of playing,2026-09-27T10:30:09.051435Z,33,8,6.6,7.7,5.8,7.7,413,5,4,0,3,4,0,0,0,1,0,0,8,133,3.54,0.08,3.62,5.82,3,3,1,7,1.53,146.2,47.5,207.0,40.0,22.3,117069,91668,3.6,,,2,1
380,Ekitiké,Hugo Ekitiké,LIV,Liverpool,FWD,7.4,0.0,-0.1,i,0,0,Achilles injury - Unknown return date,2026-07-23T12:01:23.643771Z,0,0,0.0,0.0,0.0,0.0,0,0,0,0,0,0,0,0,0,0,0,0,0,0,0.00,0.00,0.00,0.00,0,0,0,0,0,0.0,0.0,0.0,0.0,0.1,402,859,0.0,,,,0
381,Koumas,Lewis Koumas,LIV,Liverpool,MID,5.0,0.0,0.0,a,,,,,3,1,1.0,0.7,0.7,0.7,22,0,0,0,0,0,0,0,0,0,0,0,0,14,0.28,0.00,0.28,0.72,0,1,0,1,4.09,4.2,0.5,24.0,2.9,0.0,164,193,0.6,,,,0
382,Danns,Jayden Danns,LIV,Liverpool,FWD,4.5,0.0,0.0,a,100,100,,2026-07-23T12:01:23.659279Z,0,0,0.0,0.0,0.0,0.0,0,0,0,0,0,0,0,0,0,0,0,0,0,0,0.00,0.00,0.00,0.00,0,0,0,0,0,0.0,0.0,0.0,0.0,0.2,3581,2464,0.0,,,,0
383,Elliott,Harvey Elliott,LIV,Liverpool,MID,5.4,0.0,-0.1,u,0,0,Has joined Valencia on loan for the rest of the season,2026-09-02T16:05:49.104326Z,0,0,0.0,0.0,0.0,0.0,0,0,0,0,0,0,0,0,0,0,0,0,0,0,0.00,0.00,0.00,0.00,0,0,0,0,0,0.0,0.0,0.0,0.0,0.0,0,233,0.0,,,,0
579,Araujo,Ronald Araujo,LIV,Liverpool,DEF,5.4,0.0,-0.1,a,,,,,22,7,4.4,7.0,7.0,7.0,284,3,0,0,3,0,0,0,0,1,0,0,1,81,0.00,0.06,0.06,2.75,19,15,5,24,7.61,60.8,10.5,6.0,7.7,3.0,17619,10742,4.1,,,,0
627,Barcola,Bradley Barcola,LIV,Liverpool,MID,8.0,0.0,0.0,a,,,,,7,3,2.3,2.3,2.3,2.3,168,2,0,0,2,0,0,0,0,0,0,0,0,22,0.26,0.13,0.39,1.43,0,5,3,8,4.29,10.8,27.4,31.0,7.0,1.9,11734,19351,0.9,,,,0
155,Enzo,Enzo Fernández,MCI,Man City,MID,6.9,0.0,-0.1,a,,,,,13,7,3.2,4.0,4.0,4.0,271,3,1,0,2,3,0,0,0,1,0,0,0,73,0.35,0.53,0.88,5.35,6,12,3,21,6.97,63.8,72.8,42.0,17.8,3.6,31816,15184,1.9,4,3,,0
237,Ndiaye,Iliman Ndiaye,MCI,Man City,MID,5.8,-0.1,-0.2,a,,,,,22,5,4.4,3.0,3.0,3.0,385,4,0,2,2,4,0,0,0,0,0,0,1,110,0.38,0.58,0.96,9.42,10,26,8,44,10.29,77.8,102.6,80.0,26.1,6.7,7203,69996,3.8,,,,0
384,Donnarumma,Gianluigi Donnarumma,MCI,Man City,GKP,5.5,0.0,0.0,a,,,,,19,2,3.8,5.3,5.3,5.3,450,5,0,0,2,5,1,0,0,0,0,14,0,84,0.00,0.00,0.00,7.25,4,32,0,0,0.0,112.6,0.0,0.0,11.4,7.6,10966,31282,3.5,,,,0
386,Bettinelli,Marcus Bettinelli,MCI,Man City,GKP,4.5,0.0,0.0,a,,,,,0,0,0.0,0.0,0.0,0.0,0,0,0,0,0,0,0,0,0,0,0,0,0,0,0.00,0.00,0.00,0.00,0,0,0,0,0,0.0,0.0,0.0,0.0,0.0,52,90,0.0,,,,0
387,O'Reilly,Nico O'Reilly,MCI,Man City,DEF,6.3,-0.1,-0.2,d,100,75,Unspecified injury - 75% chance of playing,2026-10-01T15:30:10.272693Z,6,1,1.5,0.7,0.5,0.7,163,2,0,0,0,2,0,0,0,0,0,0,0,22,0.87,0.43,1.30,2.10,2,9,3,5,2.76,17.8,39.5,33.0,9.0,10.9,5370,74412,1.0,,,,0
388,Guéhi,Marc Guéhi,MCI,Man City,DEF,6.0,0.0,0.0,a,,,,,30,4,6.0,6.0,6.0,6.0,450,5,1,1,2,5,0,0,0,0,0,0,4,114,0.95,0.39,1.34,7.25,26,19,3,29,5.8,146.0,56.6,41.0,24.3,18.2,24230,52993,5.0,,,,0
389,Matheus N.,Matheus Nunes,MCI,Man City,DEF,5.9,0.0,-0.1,a,100,100,,2026-08-27T11:30:08.171622Z,11,1,3.7,3.3,3.3,3.3,213,2,0,0,1,3,0,0,0,0,0,0,1,38,0.00,0.06,0.06,4.67,18,10,3,21,8.87,60.0,6.3,4.0,7.0,1.0,1712,3025,1.9,,,4,0
390,Rúben,Rúben dos Santos Gato Alves Dias,MCI,Man City,DEF,5.5,0.0,0.0,a,,,,,17,1,3.4,4.3,4.3,4.3,450,5,0,0,2,5,0,0,0,0,0,0,0,72,0.29,0.74,1.03,7.25,25,16,1,26,5.2,94.2,47.3,46.0,18.7,1.9,4806,9274,3.1,,,,0
391,Gvardiol,Joško Gvardiol,MCI,Man City,DEF,5.7,0.0,0.2,a,,,,,37,4,7.4,7.7,7.7,7.7,434,5,1,3,2,5,0,0,0,1,0,0,6,135,0.22,0.74,0.96,7.25,20,21,11,31,6.43,144.4,63.5,32.0,24.0,26.8,151146,56810,6.5,,,,0
392,Aït-Nouri,Rayan Aït-Nouri,MCI,Man City,DEF,5.2,-0.1,-0.3,a,,,,,0,0,0.0,0.0,0.0,0.0,0,0,0,0,0,0,0,0,0,0,0,0,0,0,0.00,0.00,0.00,0.00,0,0,0,0,0,0.0,0.0,0.0,0.0,0.4,541,2238,0.0,,,,0
393,Khusanov,Abdukodir Khusanov,MCI,Man City,DEF,5.4,0.0,-0.1,a,,,,,9,0,3.0,1.7,1.7,1.7,268,3,0,0,1,2,0,0,0,1,0,0,0,53,0.00,0.06,0.06,2.68,9,13,8,17,5.71,51.6,12.6,4.0,6.8,1.4,1456,9187,1.7,,,,0
394,Alleyne,Max Alleyne,MCI,Man City,DEF,5.0,0.0,0.0,u,0,0,Has joined Burnley on loan for the rest of the season,2026-08-18T14:11:56.324656Z,0,0,0.0,0.0,0.0,0.0,0,0,0,0,0,0,0,0,0,0,0,0,0,0,0.00,0.00,0.00,0.00,0,0,0,0,0,0.0,0.0,0.0,0.0,0.0,0,20,0.0,,,,0
395,Lewis,Rico Lewis,MCI,Man City,DEF,4.4,0.0,-0.1,a,,,,,1,0,1.0,0.0,0.0,0.0,56,1,0,0,0,1,0,0,0,0,0,0,0,-1,0.17,0.02,0.19,0.55,2,0,0,2,3.21,3.8,3.8,39.0,4.7,0.2,314,1224,0.2,,,,0
396,Vitor Reis,Vitor de Oliveira Nunes dos Reis,MCI,Man City,DEF,4.5,0.0,0.0,a,,,,,1,0,1.0,0.0,0.0,0.0,1,0,0,0,0,0,0,0,0,0,0,0,0,3,0.00,0.00,0.00,0.00,0,0,0,0,0.0,1.2,0.9,0.0,0.2,0.0,75,155,0.2,,,,0
397,Semenyo,Antoine Semenyo,MCI,Man City,MID,8.4,0.0,-0.1,d,,75,Ankle injury - 75% chance of playing,2026-09-24T12:00:09.848000Z,33,17,6.6,8.7,6.5,8.7,450,5,2,3,2,5,0,0,0,0,0,0,2,147,0.33,1.16,1.49,7.25,2,14,6,22,4.4,155.4,148.1,130.0,43.4,15.3,126644,72844,3.9,,,2,1
398,Foden,Phil Foden,MCI,Man City,MID,6.9,0.0,-0.1,s,0,0,Suspended until 17 Oct,2026-09-13T17:00:09.433455Z,9,0,2.2,-0.3,0.0,0.0,217,3,0,2,0,2,0,0,0,1,1,0,1,52,1.61,0.88,2.49,1.91,2,8,4,14,5.81,57.6,122.3,45.0,22.3,1.8,218,29121,1.3,2,2,,0
399,Cherki,Rayan Cherki,MCI,Man City,MID,7.8,0.0,0.3,a,,,,,34,8,6.8,4.0,4.0,4.0,302,4,3,2,1,4,0,0,0,1,0,0,5,150,0.72,1.54,2.26,5.00,3,9,0,12,3.58,165.8,199.0,108.0,47.3,28.4,127754,92115,4.4,1,1,,1
400,Doku,Jérémy Doku,MCI,Man City,MID,7.4,0.0,-0.1,a,75,100,,2026-08-18T17:00:08.385597Z,1,1,1.0,0.3,0.3,0.2,15,0,0,0,0,0,0,0,0,0,0,0,0,7,0.23,0.32,0.55,0.42,1,1,0,2,12.0,3.6,13.8,5.0,2.2,0.7,4631,2153,0.1,,,3,0
402,Rodrigo,Rodrigo 'Rodri' Hernandez Cascante,MCI,Man City,MID,6.5,0.0,0.0,u,0,0,Has joined Barcelona permanently,2026-07-23T12:01:23.675537Z,0,0,0.0,0.0,0.0,0.0,0,0,0,0,0,0,0,0,0,0,0,0,0,0,0.00,0.00,0.00,0.00,0,0,0,0,0,0.0,0.0,0.0,0.0,0.0,0,26,0.0,,,,0
404,Reijnders,Tijjani Reijnders,MCI,Man City,MID,6.0,0.0,0.0,u,0,0,Has joined Al Qadsiah permanently,2026-08-20T14:02:58.154273Z,0,0,0.0,0.0,0.0,0.0,0,0,0,0,0,0,0,0,0,0,0,0,0,0,0.00,0.00,0.00,0.00,0,0,0,0,0,0.0,0.0,0.0,0.0,0.0,0,102,0.0,,,,0
406,Kovačić,Mateo Kovačić,MCI,Man City,MID,5.4,0.0,-0.1,a,,,,,2,0,1.0,0.0,0.0,0.0,42,0,0,0,0,0,0,0,0,0,0,0,0,12,0.00,0.02,0.02,0.10,0,2,0,2,4.29,4.2,5.2,0.0,0.9,0.1,116,473,0.4,,,,0
407,Echeverri,Claudio Echeverri,MCI,Man City,MID,4.9,0.0,-0.1,u,0,0,Has joined Benfica on loan for the rest of the season,2026-09-03T15:41:24.710479Z,0,0,0.0,0.0,0.0,0.0,0,0,0,0,0,0,0,0,0,0,0,0,0,0,0.00,0.00,0.00,0.00,0,0,0,0,0,0.0,0.0,0.0,0.0,0.0,0,57,0.0,,,,0
408,Phillips,Kalvin Phillips,MCI,Man City,MID,5.0,0.0,0.0,u,0,0,Has joined Sheffield United on loan for the rest of the season,2026-08-18T14:11:56.348781Z,0,0,0.0,0.0,0.0,0.0,0,0,0,0,0,0,0,0,0,0,0,0,0,0,0.00,0.00,0.00,0.00,0,0,0,0,0,0.0,0.0,0.0,0.0,0.0,0,13,0.0,,,,0
409,Mukasa,Divine Mukasa,MCI,Man City,MID,4.5,0.0,0.0,u,0,0,has joined West Ham on loan for the rest of the seaon.,2026-09-03T10:34:10.733520Z,0,0,0.0,0.0,0.0,0.0,0,0,0,0,0,0,0,0,0,0,0,0,0,0,0.00,0.00,0.00,0.00,0,0,0,0,0,0.0,0.0,0.0,0.0,0.1,0,618,0.0,,,,0
410,Monga,Jeremy Monga,MCI,Man City,MID,4.9,0.0,-0.1,u,0,0,Has joined Swansea City on loan for the rest of the season,2026-09-02T16:02:01.136760Z,0,0,0.0,0.0,0.0,0.0,0,0,0,0,0,0,0,0,0,0,0,0,0,0,0.00,0.00,0.00,0.00,0,0,0,0,0,0.0,0.0,0.0,0.0,0.0,0,51,0.0,,,,0
411,Haaland,Erling Haaland,MCI,Man City,FWD,15.6,0.0,0.1,a,,,,,39,6,7.8,8.0,8.0,8.0,450,5,5,0,2,5,0,0,0,0,0,0,9,167,4.42,0.53,4.95,7.25,10,10,0,20,4.0,184.2,22.5,258.0,46.5,73.8,81395,21372,2.5,,,1,2
481,Anderson,Elliot Anderson,MCI,Man City,MID,6.3,0.0,-0.2,a,100,100,,2026-08-23T17:00:07.952697Z,15,2,3.0,3.3,3.3,3.3,413,5,0,0,2,5,0,0,0,1,0,0,0,95,0.11,0.67,0.78,7.15,18,23,13,54,11.77,87.4,77.1,19.0,18.4,4.0,8068,28457,2.4,3,,,0
587,Rulli,Gerónimo Rulli,MCI,Man City,GKP,5.0,0.0,0.0,a,,,,,0,0,0.0,0.0,0.0,0.0,0,0,0,0,0,0,0,0,0,0,0,0,0,0,0.00,0.00,0.00,0.00,0,0,0,0,0,0.0,0.0,0.0,0.0,0.0,73,103,0.0,,,,0
616,Bouaddi,Ayyoub Bouaddi,MCI,Man City,MID,5.5,0.0,0.0,a,,,,,2,0,1.0,0.3,0.3,0.3,22,0,0,0,0,0,0,0,0,0,0,0,0,8,0.00,0.12,0.12,0.37,3,3,0,6,24.55,13.0,4.8,0.0,1.8,0.2,854,2146,0.4,,,,0
621,McAidoo,Ryan McAidoo,MCI,Man City,MID,4.5,0.0,0.0,a,,,,,2,0,1.0,0.3,0.3,0.3,11,0,0,0,0,0,0,0,0,0,0,0,0,8,0.10,0.00,0.10,0.02,0,2,2,4,32.73,5.2,0.5,3.0,0.8,0.1,198,1110,0.4,,,,0
622,Braithwaite,Kaden Braithwaite,MCI,Man City,DEF,4.0,0.0,0.0,a,,,,,1,0,1.0,0.0,0.0,0.0,1,0,0,0,0,0,0,0,0,0,0,0,0,3,0.00,0.00,0.00,0.00,0,1,0,0,0.0,0.6,0.8,0.0,0.1,0.2,593,1672,0.2,,,,0
628,Allan,Allan Andrade Elias,MCI,Man City,MID,6.0,0.0,0.0,a,,,,,0,0,0.0,0.0,0.0,0.0,0,0,0,0,0,0,0,0,0,0,0,0,0,0,0.00,0.00,0.00,0.00,0,0,0,0,0,0.0,0.0,0.0,0.0,0.0,229,170,0.0,,,,0
653,Samba,Floyd Samba,MCI,Man City,MID,4.5,0.0,0.0,a,,,,,0,0,0.0,0.0,0.0,0.0,0,0,0,0,0,0,0,0,0,0,0,0,0,0,0.00,0.00,0.00,0.00,0,0,0,0,0,0.0,0.0,0.0,0.0,0.0,252,502,0.0,,,,0
43,Tielemans,Youri Tielemans,MUN,Man Utd,MID,5.8,0.0,-0.2,a,100,100,,2026-07-23T12:01:23.321726Z,14,4,2.8,2.7,2.7,2.7,402,5,0,0,0,8,0,0,0,0,0,0,0,93,0.65,0.52,1.17,6.16,11,25,7,43,9.63,87.2,112.6,43.0,24.4,1.5,3232,10917,2.4,,,3,0
131,Baleba,Carlos Baleba,MUN,Man Utd,MID,4.9,0.0,-0.1,a,50,100,,2026-08-06T16:00:10.997714Z,0,0,0.0,0.0,0.0,0.0,0,0,0,0,0,0,0,0,0,0,0,0,0,0,0.00,0.00,0.00,0.00,0,0,0,0,0,0.0,0.0,0.0,0.0,0.1,1333,749,0.0,,,,0
162,Andrey Santos,Andrey Nascimento dos Santos,MUN,Man Utd,MID,4.8,0.0,-0.2,a,,,,,4,0,1.3,0.3,0.3,0.3,82,1,0,0,0,4,0,0,0,0,0,0,0,23,0.00,0.24,0.24,2.03,7,7,4,18,19.76,24.8,5.5,8.0,3.9,0.6,1058,5050,0.8,,,,0
325,Darlow,Karl Darlow,MUN,Man Utd,GKP,4.5,0.0,0.0,d,100,75,Unspecified injury - 75% chance of playing,2026-09-21T13:30:08.885505Z,0,0,0.0,0.0,0.0,0.0,0,0,0,0,0,0,0,0,0,0,0,0,0,0,0.00,0.00,0.00,0.00,0,0,0,0,0,0.0,0.0,0.0,0.0,0.0,62,224,0.0,,,,0
412,Lammens,Senne Lammens,MUN,Man Utd,GKP,4.9,0.0,-0.1,a,,,,,11,4,2.2,2.7,2.7,2.7,450,5,0,0,0,8,0,0,0,0,0,16,0,58,0.00,0.00,0.00,6.80,5,38,0,0,0.0,132.8,0.0,0.0,13.3,9.9,6968,49758,2.2,,,,0
413,Bayindir,Altay Bayındır,MUN,Man Utd,GKP,4.5,0.0,0.0,u,0,0,Has joined Celta Vigo on loan for the rest of the season,2026-08-10T14:02:28.608415Z,0,0,0.0,0.0,0.0,0.0,0,0,0,0,0,0,0,0,0,0,0,0,0,0,0.00,0.00,0.00,0.00,0,0,0,0,0,0.0,0.0,0.0,0.0,0.0,0,42,0.0,,,,0
414,Heaton,Tom Heaton,MUN,Man Utd,GKP,4.0,0.0,0.0,i,0,0,Hamstring injury - Unknown return date,2026-08-15T16:00:07.854151Z,0,0,0.0,0.0,0.0,0.0,0,0,0,0,0,0,0,0,0,0,0,0,0,0,0.00,0.00,0.00,0.00,0,0,0,0,0,0.0,0.0,0.0,0.0,0.1,207,276,0.0,,,,0
415,Dorgu,Patrick Dorgu,MUN,Man Utd,MID,5.8,0.0,-0.2,d,,75,Hamstring injury - 75% chance of playing,2026-09-27T21:30:07.831640Z,10,4,2.0,3.0,2.2,3.0,171,2,0,1,0,6,0,0,0,1,0,0,0,27,0.78,0.09,0.87,3.38,8,4,8,20,10.53,49.2,44.1,72.0,15.6,0.5,1032,4350,1.7,,,,0
416,De Ligt,Matthijs de Ligt,MUN,Man Utd,DEF,5.0,0.0,0.0,i,0,0,Back injury - Unknown return date,2026-07-23T12:01:23.690880Z,0,0,0.0,0.0,0.0,0.0,0,0,0,0,0,0,0,0,0,0,0,0,0,0,0.00,0.00,0.00,0.00,0,0,0,0,0,0.0,0.0,0.0,0.0,0.0,80,134,0.0,,,,0
417,Dalot,Diogo Dalot Teixeira,MUN,Man Utd,DEF,4.9,0.0,-0.1,a,,,,,8,2,1.6,1.7,1.7,1.7,346,4,0,0,0,4,0,0,0,1,0,0,0,46,0.24,0.23,0.47,4.70,10,21,6,16,4.16,43.6,107.7,49.0,20.2,1.6,1332,7711,1.6,,,,0
418,Maguire,Harry Maguire,MUN,Man Utd,DEF,4.8,-0.1,-0.2,a,,,,,10,2,2.0,1.7,1.7,1.7,450,5,0,1,0,8,0,0,0,2,0,0,0,50,0.20,0.46,0.66,6.80,28,21,3,31,6.2,86.0,50.1,50.0,18.6,8.6,4524,76200,2.1,,,,0
419,Martinez,Lisandro Martínez,MUN,Man Utd,DEF,5.0,0.0,0.0,a,100,100,,2026-07-24T20:00:10.337107Z,6,0,1.5,1.7,1.7,1.7,360,4,0,0,0,6,1,0,0,0,0,0,0,29,0.21,0.16,0.37,5.79,17,14,3,20,5.0,66.4,18.8,32.0,11.8,1.3,3796,6583,1.2,,,,0
420,Yoro,Leny Yoro,MUN,Man Utd,DEF,4.8,-0.1,-0.2,a,,,,,2,0,1.0,0.3,0.3,0.3,22,0,0,0,0,2,0,0,0,0,0,0,0,-1,0.00,0.02,0.02,1.09,3,1,2,5,20.45,7.8,2.4,2.0,1.3,0.5,472,2225,0.4,,,,0
421,Heaven,Ayden Heaven,MUN,Man Utd,DEF,4.3,-0.1,-0.2,a,,,,,1,0,1.0,0.0,0.0,0.0,90,1,0,0,0,2,0,0,0,0,0,0,0,5,0.12,0.04,0.16,1.01,1,4,1,2,2.0,6.8,2.6,11.0,2.0,0.3,248,1513,0.2,,,,0
422,Mazraoui,Noussair Mazraoui,MUN,Man Utd,DEF,4.4,0.0,-0.1,a,,,,,3,0,1.0,0.3,0.3,0.3,97,1,0,0,0,4,0,0,0,0,0,0,0,6,0.22,0.06,0.28,2.08,4,3,2,6,5.57,21.0,31.2,11.0,6.4,0.5,599,2915,0.7,,,,0
423,Shaw,Luke Shaw,MUN,Man Utd,DEF,4.3,-0.1,-0.2,a,50,100,,2026-09-11T13:00:09.030120Z,9,2,2.2,2.0,2.0,1.0,335,4,0,1,0,5,0,0,0,1,0,0,0,54,0.03,0.58,0.61,4.63,17,7,6,23,6.18,92.6,91.6,17.0,20.1,7.7,3816,77884,2.1,3,,,0
424,Amass,Harry Amass,MUN,Man Utd,DEF,4.0,0.0,0.0,a,,,,,0,0,0.0,0.0,0.0,0.0,0,0,0,0,0,0,0,0,0,0,0,0,0,0,0.00,0.00,0.00,0.00,0,0,0,0,0,0.0,0.0,0.0,0.0,0.2,429,802,0.0,,,,0
425,Fredricson,Tyler Fredricson,MUN,Man Utd,DEF,4.0,0.0,0.0,u,0,0,Has joined Lausanne-Sport permanently,2026-08-18T14:12:31.904433Z,0,0,0.0,0.0,0.0,0.0,0,0,0,0,0,0,0,0,0,0,0,0,0,0,0.00,0.00,0.00,0.00,0,0,0,0,0,0.0,0.0,0.0,0.0,0.0,0,51,0.0,,,,0
426,B.Fernandes,Bruno Borges Fernandes,MUN,Man Utd,MID,11.9,-0.1,-0.1,a,,,,,31,2,6.2,2.0,2.0,2.0,450,5,3,1,0,8,0,0,0,0,0,0,3,148,2.56,1.32,3.88,6.80,3,21,5,29,5.8,187.0,241.7,117.0,54.6,38.5,46595,200572,2.6,1,1,1,1
427,Mbeumo,Bryan Mbeumo,MUN,Man Utd,MID,7.9,0.0,-0.1,a,,,,,25,2,5.0,4.0,4.0,4.0,450,5,2,1,0,8,0,0,0,1,0,0,3,110,3.07,0.80,3.87,6.80,7,14,5,26,5.2,120.8,164.2,156.0,44.2,20.5,38851,132831,3.2,2,2,2,0
428,Cunha,Matheus Santos Carneiro da Cunha,MUN,Man Utd,MID,7.9,0.0,-0.1,a,,,,,26,10,5.2,5.0,5.0,5.0,407,5,1,2,1,5,0,0,0,0,0,0,4,95,0.63,0.83,1.46,5.44,1,9,3,13,2.87,73.0,111.5,114.0,30.0,5.8,23202,22205,3.3,,,,0
429,Rashford,Marcus Rashford,MUN,Man Utd,MID,7.0,0.0,0.0,d,,75,Unspecified injury - 75% chance of playing,2026-09-21T10:30:09.221479Z,10,2,2.0,2.3,1.7,2.3,351,4,0,0,1,3,0,0,0,0,0,0,0,58,0.78,0.43,1.21,4.50,4,10,4,18,4.62,53.4,163.2,157.0,37.3,1.4,4213,18198,1.4,,3,,0
430,Mount,Mason Mount,MUN,Man Utd,MID,5.4,0.0,-0.1,a,100,100,,2026-08-15T16:00:07.879135Z,1,1,1.0,0.3,0.3,0.3,10,0,0,0,0,0,0,0,0,0,0,0,0,3,0.09,0.01,0.10,0.00,0,1,0,1,9.0,0.6,1.1,5.0,0.7,0.0,190,202,0.2,,4,,0
431,Amad,Amad Diallo,MUN,Man Utd,MID,5.7,0.0,-0.3,i,0,0,Unspecified injury - Unknown return date,2026-08-22T11:00:08.617283Z,0,0,0.0,0.0,0.0,0.0,0,0,0,0,0,0,0,0,0,0,0,0,0,0,0.00,0.00,0.00,0.00,0,0,0,0,0,0.0,0.0,0.0,0.0,0.3,137,1897,0.0,4,,,0
432,Mainoo,Kobbie Mainoo,MUN,Man Utd,MID,5.5,0.0,0.0,d,,75,Unspecified injury - 75% chance of playing,2026-09-21T13:00:09.169862Z,22,4,4.4,5.7,4.3,5.7,354,4,0,1,0,4,0,0,0,0,0,0,2,102,0.30,0.52,0.82,4.77,10,40,6,56,14.24,83.2,88.8,21.0,19.3,1.6,7781,15645,4.0,,,,0
433,Ugarte,Manuel Ugarte Ribeiro,MUN,Man Utd,MID,5.0,0.0,0.0,i,0,0,Knee injury - Unknown return date,2026-07-23T12:01:23.706702Z,0,0,0.0,0.0,0.0,0.0,0,0,0,0,0,0,0,0,0,0,0,0,0,0,0.00,0.00,0.00,0.00,0,0,0,0,0,0.0,0.0,0.0,0.0,0.0,24,26,0.0,,,,0
434,J.Fletcher,Jack Fletcher,MUN,Man Utd,MID,4.9,0.0,-0.1,a,,,,,0,0,0.0,0.0,0.0,0.0,0,0,0,0,0,0,0,0,0,0,0,0,0,0,0.00,0.00,0.00,0.00,0,0,0,0,0,0.0,0.0,0.0,0.0,0.0,44,59,0.0,,,,0
435,Lacey,Shea Lacey,MUN,Man Utd,MID,4.9,0.0,-0.1,a,,,,,1,0,1.0,0.0,0.0,0.0,10,0,0,0,0,0,0,0,0,0,0,0,0,3,0.00,0.00,0.00,0.00,0,1,0,1,9.0,0.2,0.6,0.0,0.1,0.1,382,371,0.2,,,,0
436,Collyer,Toby Collyer,MUN,Man Utd,MID,5.0,0.0,0.0,u,0,0,Has joined West Brom permanently,2026-09-01T13:16:48.584385Z,0,0,0.0,0.0,0.0,0.0,0,0,0,0,0,0,0,0,0,0,0,0,0,0,0.00,0.00,0.00,0.00,0,0,0,0,0,0.0,0.0,0.0,0.0,0.0,0,49,0.0,,,,0
437,Bendito Mantato,Bendito Mantato,MUN,Man Utd,MID,4.4,-0.1,-0.1,a,,,,,0,0,0.0,0.0,0.0,0.0,0,0,0,0,0,0,0,0,0,0,0,0,0,0,0.00,0.00,0.00,0.00,0,0,0,0,0,0.0,0.0,0.0,0.0,0.2,452,890,0.0,,,,0
438,Fletcher,Tyler Fletcher,MUN,Man Utd,MID,4.4,0.0,-0.1,a,,,,,0,0,0.0,0.0,0.0,0.0,0,0,0,0,0,0,0,0,0,0,0,0,0,0,0.00,0.00,0.00,0.00,0,0,0,0,0,0.0,0.0,0.0,0.0,0.3,2598,2162,0.0,,,,0
439,Šeško,Benjamin Sesko,MUN,Man Utd,FWD,7.0,0.0,0.0,d,100,75,Shin injury - 75% chance of playing,2026-09-20T19:30:08.505755Z,8,0,2.0,2.0,1.5,2.0,76,0,1,0,0,3,0,0,0,0,0,0,0,39,0.39,0.01,0.40,2.00,0,5,0,5,5.92,34.6,11.9,36.0,8.2,1.6,6682,24728,1.1,,,,0
440,Zirkzee,Joshua Zirkzee,MUN,Man Utd,FWD,5.3,-0.1,-0.2,a,,,,,2,1,1.0,0.7,0.7,0.7,20,0,0,0,0,0,0,0,0,0,0,0,0,8,0.00,0.01,0.01,0.02,2,2,0,4,18.0,7.6,14.9,0.0,2.2,0.4,2009,3213,0.4,,,,0
441,Obi,Chido Obi,MUN,Man Utd,FWD,4.5,0.0,0.0,u,0,0,Has joined Willem II on loan for the rest of the season,2026-09-14T16:12:42.090874Z,0,0,0.0,0.0,0.0,0.0,0,0,0,0,0,0,0,0,0,0,0,0,0,0,0.00,0.00,0.00,0.00,0,0,0,0,0,0.0,0.0,0.0,0.0,0.9,0,11521,0.0,,,,0
405,N.Gonzalez,Nico González Iglesias,NEW,Newcastle,MID,5.5,0.0,0.0,a,0,100,,2026-09-14T21:30:07.343728Z,5,0,1.7,1.0,1.0,0.0,164,3,0,0,1,2,0,0,0,1,0,0,0,23,0.00,0.21,0.21,2.34,3,9,0,12,6.59,13.4,42.0,2.0,5.8,0.2,633,1858,0.9,,,,0
442,Pope,Nick Pope,NEW,Newcastle,GKP,4.9,0.0,-0.1,a,,,,,0,0,0.0,0.0,0.0,0.0,0,0,0,0,0,0,0,0,0,0,0,0,0,0,0.00,0.00,0.00,0.00,0,0,0,0,0,0.0,0.0,0.0,0.0,0.9,890,3212,0.0,,,,0
443,Gillespie,Mark Gillespie,NEW,Newcastle,GKP,4.5,0.0,0.0,a,,,,,0,0,0.0,0.0,0.0,0.0,0,0,0,0,0,0,0,0,0,0,0,0,0,0,0.00,0.00,0.00,0.00,0,0,0,0,0,0.0,0.0,0.0,0.0,0.0,44,90,0.0,,,,0
444,Jaouen,Ewen Jaouen,NEW,Newcastle,GKP,4.4,-0.1,-0.1,d,50,50,Ankle injury - 50% chance of playing,2026-09-10T16:00:09.127466Z,0,0,0.0,0.0,0.0,0.0,0,0,0,0,0,0,0,0,0,0,0,0,0,0,0.00,0.00,0.00,0.00,0,0,0,0,0,0.0,0.0,0.0,0.0,0.0,20,120,0.0,,,,0
445,Thiaw,Malick Thiaw,NEW,Newcastle,DEF,5.0,0.0,0.0,a,,,,,14,4,2.8,1.7,1.7,1.7,450,5,0,0,1,9,1,0,0,0,0,0,0,32,0.00,0.08,0.08,9.14,45,10,0,45,9.0,106.2,16.3,4.0,12.7,2.2,8898,10357,2.8,,,,0
446,Schär,Fabian Schär,NEW,Newcastle,DEF,4.9,0.0,-0.1,a,100,100,,2026-08-15T16:30:07.209742Z,2,1,1.0,0.3,0.3,0.3,25,0,0,0,0,2,0,0,0,0,0,0,0,0,0.00,0.01,0.01,1.87,7,0,0,7,25.2,25.0,10.5,0.0,3.6,0.2,577,926,0.4,,2,,0
447,Botman,Sven Botman,NEW,Newcastle,DEF,5.0,0.0,0.0,a,,,,,15,4,3.0,2.3,2.3,2.3,450,5,0,0,1,9,0,0,0,1,0,0,0,43,0.06,0.17,0.23,9.14,54,14,5,59,11.8,136.0,4.1,23.0,16.4,0.7,4985,3135,3.0,,,,0
448,Burn,Dan Burn,NEW,Newcastle,DEF,4.8,-0.1,-0.2,i,0,0,Ankle injury - Expected back 12 Oct,2026-08-23T18:00:08.367241Z,0,0,0.0,0.0,0.0,0.0,0,0,0,0,0,0,0,0,0,0,0,0,0,0,0.00,0.00,0.00,0.00,0,0,0,0,0,0.0,0.0,0.0,0.0,0.7,116,5946,0.0,,,,0
449,Hall,Lewis Hall,NEW,Newcastle,DEF,5.3,0.1,0.3,a,,,,,31,13,6.2,5.7,5.7,5.7,449,5,1,1,1,9,0,0,0,0,0,0,6,127,0.25,0.79,1.04,9.12,33,38,13,46,9.22,175.6,89.0,38.0,30.2,17.4,252513,21632,5.8,1,1,,2
450,Livramento,Tino Livramento,NEW,Newcastle,DEF,4.9,0.0,-0.1,d,100,75,Unspecified injury - 75% chance of playing,2026-09-19T14:00:09.046677Z,4,0,2.0,1.3,1.0,1.3,33,0,0,1,0,1,0,0,0,1,0,0,0,12,0.00,0.01,0.01,0.18,1,4,2,3,8.18,5.0,3.8,4.0,1.3,0.1,455,1543,0.8,,,,0
451,A.Murphy,Alex Murphy,NEW,Newcastle,DEF,4.0,0.0,0.0,u,0,0,Has joined FC Kaiserslautern on loan for the rest of the season,2026-08-12T14:05:29.224600Z,0,0,0.0,0.0,0.0,0.0,0,0,0,0,0,0,0,0,0,0,0,0,0,0,0.00,0.00,0.00,0.00,0,0,0,0,0,0.0,0.0,0.0,0.0,0.1,0,301,0.0,,,,0
453,Barnes,Harvey Barnes,NEW,Newcastle,MID,6.1,0.1,0.1,a,,,,,28,9,5.6,7.7,7.7,7.7,450,5,1,3,1,9,0,0,0,0,0,0,3,105,0.62,0.48,1.10,9.14,14,16,3,33,6.6,105.2,80.9,96.0,28.2,5.8,165898,19334,4.6,3,,,1
454,Elanga,Anthony Elanga,NEW,Newcastle,MID,6.1,-0.1,0.1,i,0,0,Unspecified injury - Unknown return date,2026-09-14T20:00:09.505598Z,18,0,6.0,0.3,0.0,0.0,232,3,2,0,1,3,0,0,0,1,0,0,2,71,0.42,0.34,0.76,4.01,2,3,4,9,3.49,82.6,50.6,61.0,19.4,4.5,336,169470,3.0,2,,,0
456,J.Ramsey,Jacob Ramsey,NEW,Newcastle,MID,4.9,0.0,-0.1,i,0,0,Thigh injury - Unknown return date,2026-09-15T09:00:08.191022Z,7,0,2.3,2.0,0.0,0.0,69,0,1,0,0,1,0,0,0,1,0,0,0,26,0.17,0.16,0.33,1.92,3,6,2,11,14.35,40.4,6.3,21.0,6.7,0.2,69,4827,1.4,,,,0
457,J.Murphy,Jacob Murphy,NEW,Newcastle,MID,5.9,0.0,-0.1,a,,,,,3,1,0.6,0.7,0.7,0.7,181,2,0,0,0,5,0,0,0,3,0,0,0,21,0.03,0.41,0.44,4.96,4,10,4,18,8.95,13.0,26.9,10.0,4.9,0.1,991,811,0.5,4,,,0
458,Joelinton,Joelinton Cássio Apolinário de Lira,NEW,Newcastle,MID,5.4,0.0,-0.1,i,0,0,Unspecified injury - Unknown return date,2026-08-16T08:00:08.074045Z,0,0,0.0,0.0,0.0,0.0,0,0,0,0,0,0,0,0,0,0,0,0,0,0,0.00,0.00,0.00,0.00,0,0,0,0,0,0.0,0.0,0.0,0.0,0.0,20,82,0.0,,,,0
459,L.Miley,Lewis Miley,NEW,Newcastle,MID,5.5,0.0,0.0,d,100,75,Unspecified injury - 75% chance of playing,2026-10-01T15:30:10.335504Z,12,4,2.4,2.0,1.5,2.0,396,5,0,0,1,8,1,0,0,1,0,0,0,68,0.05,0.14,0.19,7.95,20,26,6,52,11.82,58.4,57.3,5.0,12.0,0.1,486,523,2.2,5,,,0
460,Willock,Joe Willock,NEW,Newcastle,MID,5.0,0.0,0.0,a,,,,,22,10,4.4,4.3,4.3,4.3,284,3,2,0,1,5,0,0,0,0,0,0,3,80,0.81,0.30,1.11,5.19,4,9,5,18,5.7,92.2,41.0,68.0,19.4,0.6,9941,2841,4.4,,,,0
461,Touré,Bazoumana Touré,NEW,Newcastle,MID,5.8,0.0,-0.2,a,,,,,8,1,2.7,2.3,2.3,2.3,50,0,1,0,0,1,0,0,0,0,0,0,0,29,0.28,0.01,0.29,0.76,1,3,0,4,7.2,37.6,5.3,21.0,6.4,0.1,335,876,1.4,,,,0
462,Steur,Sean Steur,NEW,Newcastle,MID,4.9,0.0,-0.1,a,,,,,8,3,1.6,2.0,2.0,2.0,223,2,0,0,1,5,0,0,0,0,0,0,0,42,0.00,0.06,0.06,4.23,9,8,4,21,8.48,35.4,52.2,0.0,8.8,0.1,274,393,1.6,,,,0
463,Woltemade,Nick Woltemade,NEW,Newcastle,FWD,5.9,0.0,-0.1,u,0,0,Has joined Juventus on loan for the rest of the season,2026-09-02T16:07:16.549304Z,4,0,4.0,0.0,0.0,0.0,19,0,0,1,0,0,0,0,0,0,0,0,0,18,0.02,0.01,0.03,0.38,0,0,0,0,0.0,18.2,10.5,11.0,4.0,0.5,0,3843,0.7,,,,0
464,Wissa,Yoane Wissa,NEW,Newcastle,FWD,6.2,0.0,0.2,a,,,,,15,0,3.0,1.0,1.0,1.0,441,5,1,1,1,8,0,0,1,2,0,0,2,54,2.35,0.06,2.41,7.97,6,15,6,27,5.51,66.6,60.6,106.0,23.3,18.7,91192,143578,2.4,,,2,0
465,Osula,William Osula,NEW,Newcastle,FWD,5.8,-0.1,-0.2,i,0,0,Foot injury - Unknown return date,2026-08-25T19:00:08.004915Z,4,0,4.0,0.0,0.0,0.0,55,1,0,1,0,1,0,0,0,0,0,0,0,18,0.06,0.14,0.20,1.48,2,2,1,5,8.18,28.2,13.7,8.0,5.0,0.3,130,2454,0.7,,4,1,0
466,Neave,Sean Neave,NEW,Newcastle,FWD,4.5,0.0,0.0,u,0,0,Has joined Wolves on loan for the rest of the season,2026-09-04T12:37:43.515176Z,0,0,0.0,0.0,0.0,0.0,0,0,0,0,0,0,0,0,0,0,0,0,0,0,0.00,0.00,0.00,0.00,0,0,0,0,0,0.0,0.0,0.0,0.0,0.5,0,3981,0.0,,,,0
559,Bamba,Aladji Bamba,NEW,Newcastle,MID,4.9,0.0,-0.1,a,,,,,3,1,1.0,0.7,0.7,0.7,27,0,0,0,0,1,0,0,0,0,0,0,0,12,0.00,0.00,0.00,1.29,3,2,3,8,26.67,11.6,0.4,0.0,1.2,0.1,131,502,0.6,,,,0
567,Horníček,Lukás Hornícek,NEW,Newcastle,GKP,5.0,0.0,0.0,a,,,,,14,3,2.8,2.0,2.0,2.0,450,5,0,0,1,9,0,0,0,1,0,19,0,72,0.00,0.00,0.00,9.14,11,31,0,0,0.0,155.6,0.0,0.0,15.5,1.5,7394,5154,2.8,,,,0
593,Dedić,Amar Dedic,NEW,Newcastle,DEF,4.5,0.0,0.0,i,0,0,Unspecified injury - Unknown return date,2026-09-17T14:30:09.823731Z,13,0,3.2,0.3,0.0,0.0,327,4,0,1,1,7,0,0,0,0,0,0,2,36,0.14,0.08,0.22,7.38,16,15,8,24,6.61,70.0,40.7,15.0,12.6,1.8,270,38321,2.9,,3,,1
609,Shahar,Leo Shahar,NEW,Newcastle,DEF,4.0,0.0,0.0,u,0,0,has joined Arouca on loan for the rest of the seaon.,2026-09-11T14:41:57.406766Z,0,0,0.0,0.0,0.0,0.0,0,0,0,0,0,0,0,0,0,0,0,0,0,0,0.00,0.00,0.00,0.00,0,0,0,0,0,0.0,0.0,0.0,0.0,0.2,0,1897,0.0,,,,0
634,Fernandez-Pardo,Matias Fernandez-Pardo,NEW,Newcastle,FWD,6.0,0.0,0.0,a,,,,,4,2,1.3,1.3,1.3,1.3,157,2,0,0,0,4,0,0,0,0,0,0,0,16,0.05,0.01,0.06,2.94,0,3,2,5,2.87,3.4,12.5,15.0,3.1,0.1,2122,1452,0.7,,,,0
659,Miley,Mason Miley,NEW,Newcastle,MID,4.5,0.0,0.0,a,,,,,0,0,0.0,0.0,0.0,0.0,0,0,0,0,0,0,0,0,0,0,0,0,0,0,0.00,0.00,0.00,0.00,0,0,0,0,0,0.0,0.0,0.0,0.0,0.0,1435,655,0.0,,,,0
663,Pivas,Miodrag Pivas,NEW,Newcastle,DEF,4.0,0.0,0.0,a,,,,,0,0,0.0,0.0,1.1,1.1,0,0,0,0,0,0,0,0,0,0,0,0,0,0,0.00,0.00,0.00,0.00,0,0,0,0,0,0.0,0.0,0.0,0.0,0.0,406,62,0.0,,,,0
664,Salia,Vakhtang Salia,NEW,Newcastle,FWD,4.5,0.0,0.0,a,,,,,0,0,0.0,0.0,1.0,1.0,0,0,0,0,0,0,0,0,0,0,0,0,0,0,0.00,0.00,0.00,0.00,0,0,0,0,0,0.0,0.0,0.0,0.0,0.1,9996,1644,0.0,,,,0
665,Mills,Michael Mills,NEW,Newcastle,MID,4.5,0.0,0.0,a,,,,,0,0,0.0,0.0,1.1,1.1,0,0,0,0,0,0,0,0,0,0,0,0,0,0,0.00,0.00,0.00,0.00,0,0,0,0,0,0.0,0.0,0.0,0.0,0.0,164,30,0.0,,,,0
666,Thompson,Kyran Thompson,NEW,Newcastle,MID,4.5,0.0,0.0,a,,,,,0,0,0.0,0.0,1.1,1.1,0,0,0,0,0,0,0,0,0,0,0,0,0,0,0.00,0.00,0.00,0.00,0,0,0,0,0,0.0,0.0,0.0,0.0,0.0,241,36,0.0,,,,0
167,Delap,Liam Delap,NFO,Nott'm Forest,FWD,5.6,0.1,0.1,a,,,,,9,1,2.2,2.7,2.7,2.7,277,3,1,0,1,3,0,0,0,2,0,0,0,49,0.89,0.35,1.24,2.62,5,10,2,17,5.52,40.0,68.6,71.0,17.9,2.7,25347,29268,1.6,,,3,0
201,Muñoz,Daniel Muñoz Mejía,NFO,Nott'm Forest,DEF,5.4,0.0,-0.1,a,,,,,5,2,1.2,1.7,1.7,1.7,257,3,0,0,0,4,0,0,0,0,0,0,0,29,0.60,0.21,0.81,2.59,8,8,7,15,5.25,39.2,62.3,79.0,18.1,5.7,8065,30722,0.9,,,,0
467,Sels,Matz Sels,NFO,Nott'm Forest,GKP,5.0,0.0,0.0,a,,,,,14,2,2.8,3.7,3.7,3.7,450,5,0,0,1,5,0,0,0,0,0,11,0,67,0.00,0.01,0.01,4.77,6,46,0,0,0.0,82.0,0.0,0.0,8.2,1.6,2072,6274,2.8,,,,0
468,John,John Victor Maciel Furtado,NFO,Nott'm Forest,GKP,4.5,0.0,0.0,a,,,,,0,0,0.0,0.0,0.0,0.0,0,0,0,0,0,0,0,0,0,0,0,0,0,0,0.00,0.00,0.00,0.00,0,0,0,0,0,0.0,0.0,0.0,0.0,0.1,64,157,0.0,,,,0
469,N.Williams,Neco Williams,NFO,Nott'm Forest,DEF,5.0,0.0,0.0,a,,,,,19,2,3.8,3.7,3.7,3.7,450,5,0,1,1,5,0,0,0,0,0,0,1,85,0.41,0.61,1.02,4.77,15,28,14,29,5.8,90.4,123.7,42.0,25.6,8.7,11391,47978,3.8,2,3,,0
470,Morato,Felipe Rodrigues da Silva,NFO,Nott'm Forest,DEF,5.0,0.0,0.0,u,0,0,Has joined West Ham on loan for the rest of the season,2026-09-02T16:19:54.503286Z,0,0,0.0,0.0,0.0,0.0,0,0,0,0,0,0,0,0,0,0,0,0,0,0,0.00,0.00,0.00,0.00,0,0,0,0,0,0.0,0.0,0.0,0.0,0.0,0,121,0.0,,,,0
471,Milenković,Nikola Milenković,NFO,Nott'm Forest,DEF,5.4,-0.1,-0.1,i,0,0,Hamstring injury - Expected back 11 Oct,2026-09-12T14:00:09.705107Z,12,0,4.0,2.3,0.0,0.0,270,3,0,0,1,3,0,0,0,1,0,0,0,34,0.11,0.03,0.14,3.28,26,12,5,31,10.33,53.2,1.4,16.0,7.0,1.0,67,12505,2.2,,,,0
472,Murillo,Murillo Costa dos Santos,NFO,Nott'm Forest,DEF,5.5,0.0,0.0,a,100,100,,2026-07-23T12:01:23.801183Z,23,4,4.6,6.0,6.0,6.0,449,5,0,1,1,5,0,0,0,1,0,0,0,76,0.42,0.37,0.79,4.77,44,18,9,53,10.62,124.2,62.6,27.0,21.4,2.1,8780,8395,4.2,,2,,0
473,Aina,Ola Aina,NFO,Nott'm Forest,DEF,4.4,-0.1,-0.1,a,,,,,8,0,2.0,1.0,1.0,1.0,306,4,0,0,1,3,0,0,0,2,0,0,0,45,0.04,0.53,0.57,3.72,12,14,10,22,6.47,58.2,53.3,15.0,12.7,2.4,1094,20818,1.8,,,,0
474,Jair Cunha,Jair Paula da Cunha Filho,NFO,Nott'm Forest,DEF,4.5,0.0,0.0,a,75,100,,2026-09-12T14:00:09.724349Z,11,1,2.8,3.0,3.0,2.2,360,4,0,0,1,4,0,0,0,2,0,0,0,40,0.05,0.02,0.07,3.95,29,8,7,36,9.0,69.6,14.2,2.0,8.6,0.2,269,657,2.4,,,,0
475,Savona,Nicolò Savona,NFO,Nott'm Forest,DEF,4.5,0.0,0.0,i,0,0,Knee injury - Unknown return date,2026-07-23T12:01:23.816304Z,0,0,0.0,0.0,0.0,0.0,0,0,0,0,0,0,0,0,0,0,0,0,0,0,0.00,0.00,0.00,0.00,0,0,0,0,0,0.0,0.0,0.0,0.0,0.0,21,20,0.0,,,,0
476,O.Richards,Omar Richards,NFO,Nott'm Forest,DEF,4.0,0.0,0.0,a,,,,,0,0,0.0,0.0,0.0,0.0,0,0,0,0,0,0,0,0,0,0,0,0,0,0,0.00,0.00,0.00,0.00,0,0,0,0,0,0.0,0.0,0.0,0.0,0.2,309,753,0.0,,,,0
477,Abbott,Zach Abbott,NFO,Nott'm Forest,DEF,4.0,0.0,0.0,u,0,0,Has joined Southampton on loan for the rest of the season,2026-09-02T16:19:54.536676Z,0,0,0.0,0.0,0.0,0.0,0,0,0,0,0,0,0,0,0,0,0,0,0,0,0.00,0.00,0.00,0.00,0,0,0,0,0,0.0,0.0,0.0,0.0,0.1,0,841,0.0,,,,0
478,Netz,Luca Netz,NFO,Nott'm Forest,DEF,4.4,0.0,-0.1,a,,,,,3,1,1.0,0.3,0.3,0.3,27,0,0,0,0,1,0,0,0,0,0,0,0,8,0.00,0.02,0.02,0.13,0,1,1,1,3.33,6.0,17.5,2.0,2.6,0.0,57,122,0.7,,,,0
479,Bindon,Tyler Bindon,NFO,Nott'm Forest,DEF,4.0,0.0,0.0,u,0,0,Has joined Charlton Athletic on loan for the rest of the season,2026-09-01T13:16:05.383880Z,0,0,0.0,0.0,0.0,0.0,0,0,0,0,0,0,0,0,0,0,0,0,0,0,0.00,0.00,0.00,0.00,0,0,0,0,0,0.0,0.0,0.0,0.0,0.1,0,540,0.0,,,,0
480,Gibbs-White,Morgan Gibbs-White,NFO,Nott'm Forest,MID,8.0,0.0,0.0,a,100,100,,2026-08-24T15:30:08.350159Z,28,2,5.6,4.3,4.3,4.3,450,5,1,2,1,5,0,0,0,0,0,0,6,116,1.56,1.42,2.98,4.77,2,14,5,21,4.2,123.4,204.7,78.0,40.6,15.7,68330,84656,3.5,,1,1,1
482,Hudson-Odoi,Callum Hudson-Odoi,NFO,Nott'm Forest,MID,5.8,0.0,-0.2,a,100,100,,2026-07-23T12:01:23.832709Z,1,0,1.0,0.0,0.0,0.0,1,0,0,0,0,0,0,0,0,0,0,0,0,2,0.00,0.00,0.00,0.00,0,0,0,0,0.0,0.0,0.3,0.0,0.0,0.1,269,1179,0.2,,4,,0
483,Ndoye,Dan Ndoye,NFO,Nott'm Forest,MID,5.5,0.0,0.0,a,,,,,15,1,3.0,1.0,1.0,1.0,316,5,1,0,1,3,0,0,0,1,0,0,2,44,1.25,0.93,2.18,3.84,3,15,2,20,5.7,39.0,63.6,90.0,19.0,0.7,781,8253,2.7,,,,0
484,Hutchinson,Omari Hutchinson,NFO,Nott'm Forest,MID,5.4,0.0,-0.1,u,0,0,Has joined AC Milan on loan for the rest of the season,2026-09-01T13:23:52.340206Z,0,0,0.0,0.0,0.0,0.0,0,0,0,0,0,0,0,0,0,0,0,0,0,0,0.00,0.00,0.00,0.00,0,0,0,0,0,0.0,0.0,0.0,0.0,0.1,0,384,0.0,,,,0
485,Bakwa,Dilane Bakwa,NFO,Nott'm Forest,MID,5.5,0.0,0.0,u,0,0,Has joined Lille on loan for the rest of the season,2026-08-27T14:53:03.381941Z,0,0,0.0,0.0,0.0,0.0,0,0,0,0,0,0,0,0,0,0,0,0,0,0,0.00,0.00,0.00,0.00,0,0,0,0,0,0.0,0.0,0.0,0.0,0.0,0,35,0.0,,,,0
486,McAtee,James McAtee,NFO,Nott'm Forest,MID,5.5,0.0,0.0,a,,,,,12,2,2.4,2.3,2.3,2.3,416,5,0,0,2,4,0,0,0,2,0,0,0,91,0.37,0.96,1.33,4.55,9,21,9,39,8.44,62.4,174.8,38.0,27.6,0.1,357,924,2.2,1,,,0
487,Dominguez,Nicolás Domínguez,NFO,Nott'm Forest,MID,4.9,0.0,-0.1,a,,,,,1,0,1.0,0.0,0.0,0.0,1,0,0,0,0,0,0,0,0,0,0,0,0,3,0.00,0.00,0.00,0.00,0,0,0,0,0.0,0.2,0.0,0.0,0.0,0.1,63,299,0.2,,,,0
488,I.Sangaré,Ibrahim Sangaré,NFO,Nott'm Forest,MID,4.8,-0.1,-0.2,a,100,100,,2026-08-28T09:30:07.471668Z,4,1,1.3,0.7,0.7,0.7,105,1,0,0,0,1,0,0,0,0,0,0,0,15,0.09,0.02,0.11,0.56,4,3,1,8,6.86,21.6,13.7,5.0,4.1,0.4,311,3176,0.8,,,,0
489,Yates,Ryan Yates,NFO,Nott'm Forest,MID,4.5,0.0,0.0,a,100,100,,2026-08-17T20:30:08.195072Z,0,0,0.0,0.0,0.0,0.0,0,0,0,0,0,0,0,0,0,0,0,0,0,0,0.00,0.00,0.00,0.00,0,0,0,0,0,0.0,0.0,0.0,0.0,1.2,605,7516,0.0,,,,0
490,Wood,Chris Wood,NFO,Nott'm Forest,FWD,5.8,0.0,-0.2,a,,,,,4,1,1.0,1.0,1.0,1.0,62,0,0,0,0,1,0,0,0,0,0,0,0,13,0.12,0.01,0.13,0.53,0,1,0,1,1.45,1.2,4.8,3.0,0.7,0.9,2096,6649,0.7,,,2,0
491,Igor Jesus,Igor Jesus Maciel da Cruz,NFO,Nott'm Forest,FWD,5.8,0.0,-0.2,a,,,,,12,1,2.4,3.0,3.0,3.0,257,2,1,0,0,3,0,0,0,1,0,0,2,53,1.25,0.08,1.33,2.61,5,8,2,15,5.25,54.8,40.7,100.0,19.6,2.6,7614,23666,2.1,,,4,0
493,Kalimuendo,Arnaud Kalimuendo,NFO,Nott'm Forest,FWD,5.4,0.0,-0.1,a,,,,,1,0,1.0,0.0,0.0,0.0,1,0,0,0,0,0,0,0,0,0,0,0,0,3,0.00,0.00,0.00,0.00,0,0,0,0,0.0,0.0,0.0,0.0,0.0,0.1,238,430,0.2,,,,0
558,Schlager,Xaver Schlager,NFO,Nott'm Forest,MID,5.0,0.0,0.0,a,,,,,13,2,2.6,2.7,2.7,2.7,376,4,0,0,1,5,0,0,0,1,0,0,0,70,0.19,0.18,0.37,4.43,11,21,17,49,11.73,68.4,25.0,31.0,12.5,0.1,226,802,2.6,3,,,0
581,Diomande,Ousmane Diomande,NFO,Nott'm Forest,DEF,5.4,0.0,-0.1,a,,,,,7,2,2.3,2.3,2.3,2.3,163,2,0,0,0,2,0,0,0,0,0,0,0,17,0.16,0.01,0.17,1.45,18,10,1,19,10.49,32.4,1.0,19.0,5.2,0.5,1571,2320,1.3,,,,0
590,Benda,Steven Benda,NFO,Nott'm Forest,GKP,4.5,0.0,0.0,a,,,,,0,0,0.0,0.0,0.0,0.0,0,0,0,0,0,0,0,0,0,0,0,0,0,0,0.00,0.00,0.00,0.00,0,0,0,0,0,0.0,0.0,0.0,0.0,0.1,130,244,0.0,,,,0
112,Van Hecke,Jan Paul van Hecke,TOT,Spurs,DEF,4.9,0.0,-0.1,d,,75,Foot injury - 75% chance of playing,2026-09-30T16:00:09.552205Z,24,6,4.8,7.3,5.5,7.3,450,5,1,0,2,8,0,0,0,1,0,0,2,85,0.69,0.42,1.11,7.78,33,17,10,43,8.6,171.8,74.9,70.0,31.6,6.5,18834,32256,4.9,,,,0
147,Tosin,Tosin Adarabioyo,TOT,Spurs,DEF,4.4,0.0,-0.1,a,,,,,1,0,1.0,0.3,0.3,0.3,5,0,0,0,0,0,0,0,0,0,0,0,0,5,0.00,0.00,0.00,0.03,2,1,2,4,72.0,9.0,0.2,0.0,0.9,0.1,106,578,0.2,,,,0
401,Marmoush,Omar Marmoush,TOT,Spurs,FWD,7.0,0.0,0.0,a,,,,,8,2,2.0,2.0,2.0,2.0,339,4,0,0,2,5,0,0,0,0,0,0,0,37,0.38,0.15,0.53,3.84,0,11,2,13,3.45,18.0,55.5,58.0,12.9,2.1,12244,22188,1.1,8,4,2,0
403,Sávio,Sávio Moreira de Oliveira,TOT,Spurs,MID,6.5,0.0,0.0,a,100,100,,2026-08-29T16:30:08.380416Z,8,2,2.7,2.7,2.7,2.7,240,3,0,0,2,3,0,0,0,0,0,0,0,66,0.41,0.70,1.11,2.76,3,8,0,11,4.12,51.4,130.0,96.0,27.8,0.7,3032,7071,1.2,2,,,0
455,Tonali,Sandro Tonali,TOT,Spurs,MID,5.3,-0.1,-0.2,a,100,100,,2026-09-14T14:30:07.387706Z,14,2,2.8,3.3,3.3,3.3,427,5,0,0,2,8,0,0,0,0,0,0,0,86,0.24,0.61,0.85,7.72,11,20,11,42,8.85,63.0,89.0,28.0,18.0,1.8,2375,15394,2.6,,,,0
494,Vicario,Guglielmo Vicario,TOT,Spurs,GKP,4.5,0.0,0.0,u,0,0,Has joined Juventus on loan for the rest of the season,2026-08-19T13:55:33.193962Z,0,0,0.0,0.0,0.0,0.0,0,0,0,0,0,0,0,0,0,0,0,0,0,0,0.00,0.00,0.00,0.00,0,0,0,0,0,0.0,0.0,0.0,0.0,0.1,0,735,0.0,,,,0
495,Austin,Brandon Austin,TOT,Spurs,GKP,4.0,0.0,0.0,a,,,,,0,0,0.0,0.0,0.0,0.0,0,0,0,0,0,0,0,0,0,0,0,0,0,0,0.00,0.00,0.00,0.00,0,0,0,0,0,0.0,0.0,0.0,0.0,1.0,1980,2218,0.0,,,,0
496,Kinsky,Antonín Kinský,TOT,Spurs,GKP,4.5,0.0,0.0,a,,,,,18,2,3.6,5.0,5.0,5.0,450,5,0,0,2,8,0,0,0,0,0,12,0,77,0.00,0.00,0.00,7.78,10,34,0,0,0.0,104.8,10.0,0.0,11.5,17.2,18815,113503,4.0,,,,0
497,Dubravka,Martin Dubravka,TOT,Spurs,GKP,4.0,0.0,0.0,a,,,,,0,0,0.0,0.0,0.0,0.0,0,0,0,0,0,0,0,0,0,0,0,0,0,0,0.00,0.00,0.00,0.00,0,0,0,0,0,0.0,0.0,0.0,0.0,17.1,27402,49452,0.0,,,,0
498,Senesi,Marcos Senesi Barón,TOT,Spurs,DEF,5.8,0.0,-0.2,a,,,,,3,0,3.0,0.0,0.0,0.0,90,1,0,0,0,3,0,0,0,0,0,0,0,10,0.00,0.02,0.02,3.87,11,2,5,16,16.0,36.6,2.2,0.0,3.9,3.5,1242,22024,0.5,,,,0
499,Pedro Porro,Pedro Porro Sauceda,TOT,Spurs,DEF,5.4,0.0,-0.1,d,100,75,Hamstring injury - 75% chance of playing,2026-09-19T12:00:08.823872Z,9,1,3.0,2.7,2.0,2.7,198,3,0,0,1,2,0,0,0,0,0,0,1,33,0.37,0.16,0.53,1.68,6,5,3,9,4.09,22.6,47.6,28.0,9.8,7.6,1729,76941,1.7,1,1,,0
500,Romero,Cristian Romero,TOT,Spurs,DEF,5.0,0.0,0.0,u,0,0,Has joined Atletico Madrid permanently,2026-08-17T13:49:05.465401Z,0,0,0.0,0.0,0.0,0.0,0,0,0,0,0,0,0,0,0,0,0,0,0,0,0.00,0.00,0.00,0.00,0,0,0,0,0,0.0,0.0,0.0,0.0,0.1,0,302,0.0,,,,0
502,Robertson,Andrew Robertson,TOT,Spurs,DEF,4.4,0.0,-0.1,a,,,,,17,4,3.4,4.0,4.0,4.0,366,4,0,1,1,7,0,0,0,0,0,0,1,68,0.13,0.43,0.56,7.05,15,15,5,20,4.92,89.6,123.9,41.0,25.4,2.5,5804,13182,3.9,6,,,0
503,Van de Ven,Micky van de Ven,TOT,Spurs,DEF,5.0,0.0,0.0,a,100,100,,2026-08-21T15:00:07.610517Z,16,1,4.0,5.3,5.3,5.3,360,4,0,0,2,5,0,0,0,1,0,0,3,69,0.59,0.05,0.64,3.91,24,17,5,29,7.25,75.8,8.7,18.0,10.3,3.8,6115,20241,3.2,,,,0
505,Spence,Djed Spence,TOT,Spurs,DEF,4.5,0.0,0.0,u,0,0,Has joined Internazionale permanently,2026-08-18T14:13:08.454214Z,0,0,0.0,0.0,0.0,0.0,0,0,0,0,0,0,0,0,0,0,0,0,0,0,0.00,0.00,0.00,0.00,0,0,0,0,0,0.0,0.0,0.0,0.0,0.2,0,1233,0.0,,,,0
506,Udogie,Destiny Udogie,TOT,Spurs,DEF,4.4,0.0,-0.1,a,100,100,,2026-09-11T18:00:09.092110Z,7,0,2.3,1.7,1.7,1.7,86,1,0,0,1,1,0,0,0,1,0,0,0,21,0.00,0.23,0.23,1.17,3,4,1,4,4.19,9.8,13.5,4.0,2.7,0.3,350,1654,1.6,,,,0
507,Phillips,Ashley Phillips,TOT,Spurs,DEF,4.5,0.0,0.0,u,0,0,Has joined Middlesbrough permanently,2026-08-18T14:13:08.474144Z,0,0,0.0,0.0,0.0,0.0,0,0,0,0,0,0,0,0,0,0,0,0,0,0,0.00,0.00,0.00,0.00,0,0,0,0,0,0.0,0.0,0.0,0.0,0.0,0,55,0.0,,,,0
508,Davies,Ben Davies,TOT,Spurs,DEF,3.9,-0.1,-0.1,a,,,,,0,0,0.0,0.0,0.0,0.0,0,0,0,0,0,0,0,0,0,0,0,0,0,0,0.00,0.00,0.00,0.00,0,0,0,0,0,0.0,0.0,0.0,0.0,0.9,7661,4030,0.0,,,,0
509,Byfield,Jun'ai Byfield,TOT,Spurs,DEF,4.0,0.0,0.0,a,,,,,0,0,0.0,0.0,0.0,0.0,0,0,0,0,0,0,0,0,0,0,0,0,0,0,0.00,0.00,0.00,0.00,0,0,0,0,0,0.0,0.0,0.0,0.0,0.1,127,252,0.0,,,,0
510,Rowswell,James Rowswell,TOT,Spurs,DEF,4.0,0.0,0.0,a,,,,,0,0,0.0,0.0,0.0,0.0,0,0,0,0,0,0,0,0,0,0,0,0,0,0,0.00,0.00,0.00,0.00,0,0,0,0,0,0.0,0.0,0.0,0.0,0.1,161,345,0.0,,,,0
511,Souza,João Victor de Souza Menezes,TOT,Spurs,DEF,4.0,0.0,0.0,u,0,0,Has joined FC Porto on loan for the rest of the season,2026-09-01T13:24:26.858636Z,0,0,0.0,0.0,0.0,0.0,0,0,0,0,0,0,0,0,0,0,0,0,0,0,0.00,0.00,0.00,0.00,0,0,0,0,0,0.0,0.0,0.0,0.0,0.2,0,911,0.0,,,,0
512,Kudus,Mohammed Kudus,TOT,Spurs,MID,6.5,0.0,0.0,a,100,100,,2026-07-23T12:01:23.848657Z,7,4,1.8,2.0,2.0,2.0,123,0,0,1,0,3,0,0,0,0,0,0,0,49,0.11,0.42,0.53,1.46,0,11,3,14,10.24,37.2,48.7,26.0,11.2,0.2,2341,1175,1.1,7,6,3,0
513,Xavi,Xavi Simons,TOT,Spurs,MID,5.9,0.0,-0.1,i,0,0,Knee injury - Unknown return date,2026-07-23T12:01:23.864304Z,0,0,0.0,0.0,0.0,0.0,0,0,0,0,0,0,0,0,0,0,0,0,0,0,0.00,0.00,0.00,0.00,0,0,0,0,0,0.0,0.0,0.0,0.0,0.0,54,81,0.0,,2,4,0
514,Tel,Mathys Tel,TOT,Spurs,MID,5.7,-0.1,-0.3,a,,,,,8,0,2.0,1.3,1.3,1.3,257,3,0,0,1,4,0,0,0,0,0,0,0,41,0.21,0.23,0.44,5.55,1,11,1,13,4.55,21.6,52.7,72.0,14.6,0.2,203,2004,1.4,3,3,,0
515,Maddison,James Maddison,TOT,Spurs,MID,6.3,0.0,-0.2,a,100,100,,2026-08-25T14:30:07.623508Z,3,1,1.0,0.7,0.7,0.7,59,0,0,0,0,2,0,0,0,0,0,0,0,18,0.06,0.04,0.10,1.03,3,4,4,11,16.78,21.8,14.5,19.0,5.6,0.4,782,2014,0.5,5,5,,0
516,Bentancur,Rodrigo Bentancur,TOT,Spurs,MID,5.5,0.0,0.0,a,,,,,15,4,3.0,4.0,4.0,4.0,370,4,0,0,2,6,0,0,0,0,0,0,0,69,0.02,0.12,0.14,5.59,22,23,15,60,14.59,77.4,39.3,8.0,12.6,0.2,407,750,2.7,,,,0
517,Odobert,Wilson Odobert,TOT,Spurs,MID,5.5,0.0,0.0,i,0,0,Knee injury - Unknown return date,2026-07-23T12:01:23.879434Z,0,0,0.0,0.0,0.0,0.0,0,0,0,0,0,0,0,0,0,0,0,0,0,0,0.00,0.00,0.00,0.00,0,0,0,0,0,0.0,0.0,0.0,0.0,0.0,29,14,0.0,,,,0
518,P.M.Sarr,Pape Matar Sarr,TOT,Spurs,MID,4.9,0.0,-0.1,u,0,0,Has joined Juventus on loan for the rest of the season,2026-09-02T16:02:43.386849Z,0,0,0.0,0.0,0.0,0.0,0,0,0,0,0,0,0,0,0,0,0,0,0,0,0.00,0.00,0.00,0.00,0,0,0,0,0,0.0,0.0,0.0,0.0,0.1,0,694,0.0,,,,0
519,Gallagher,Conor Gallagher,TOT,Spurs,MID,5.3,0.0,-0.2,a,,,,,9,6,3.0,3.0,3.0,3.0,134,2,1,0,1,2,0,0,0,1,0,0,0,48,0.37,0.12,0.49,2.65,1,9,8,18,12.09,48.6,12.2,36.0,9.6,0.2,825,677,1.7,,,,0
520,Bergvall,Lucas Bergvall,TOT,Spurs,MID,5.3,-0.1,-0.2,a,,,,,3,1,1.0,0.7,0.7,0.7,78,1,0,0,0,2,0,0,0,0,0,0,0,13,0.06,0.27,0.33,2.21,1,9,3,13,15.0,11.0,10.8,11.0,2.9,0.1,108,642,0.6,,,,0
521,Kulusevski,Dejan Kulusevski,TOT,Spurs,MID,6.5,0.0,0.0,i,0,0,Knee injury - Unknown return date,2026-07-23T12:01:23.895175Z,0,0,0.0,0.0,0.0,0.0,0,0,0,0,0,0,0,0,0,0,0,0,0,0,0.00,0.00,0.00,0.00,0,0,0,0,0,0.0,0.0,0.0,0.0,0.0,103,76,0.0,,,,0
522,Gray,Archie Gray,TOT,Spurs,MID,4.9,0.0,-0.1,a,,,,,9,2,2.2,1.7,1.7,1.7,307,3,0,0,1,7,0,0,0,0,0,0,0,51,0.23,0.05,0.28,6.11,10,12,5,27,7.92,28.4,14.6,27.0,7.0,0.2,472,1243,1.8,,,,0
523,Moore,Mikey Moore,TOT,Spurs,MID,5.0,0.0,0.0,u,0,0,Has joined FC Köln on loan for the rest of the season,2026-09-04T12:39:48.098158Z,3,0,1.5,0.0,0.0,0.0,89,1,0,0,0,4,0,0,0,0,0,0,0,11,0.40,0.02,0.42,3.26,0,2,1,3,3.03,14.2,6.3,56.0,7.5,0.1,0,553,0.6,,,,0
524,Olusesi,Callum Olusesi,TOT,Spurs,MID,4.4,0.0,-0.1,a,,,,,0,0,0.0,0.0,0.0,0.0,0,0,0,0,0,0,0,0,0,0,0,0,0,0,0.00,0.00,0.00,0.00,0,0,0,0,0,0.0,0.0,0.0,0.0,1.0,6144,7754,0.0,,,,0
525,Fernandes,Mateus Fernandes,TOT,Spurs,MID,5.7,-0.1,-0.3,a,,,,,7,1,1.4,1.3,1.3,1.3,249,3,0,0,1,4,0,0,0,1,0,0,0,50,0.19,0.28,0.47,4.43,2,12,7,21,7.59,24.2,92.6,34.0,14.6,0.8,485,6828,1.2,4,,,0
526,Solanke,Dominic Solanke-Mitchell,TOT,Spurs,FWD,5.8,0.0,-0.2,a,,,,,7,2,1.4,1.7,1.7,1.7,170,2,0,0,1,1,0,0,0,0,0,0,0,21,0.56,0.01,0.57,2.57,2,5,2,9,4.76,8.4,17.5,37.0,6.1,0.8,2036,5858,1.2,,,1,0
527,Richarlison,Richarlison de Andrade,TOT,Spurs,FWD,5.9,0.0,-0.1,u,0,0,not included in squad.,2026-09-04T12:32:39.183614Z,2,0,2.0,0.0,0.0,0.0,67,1,0,0,0,3,0,0,0,0,0,0,0,6,0.00,0.00,0.00,3.02,1,0,0,1,1.34,0.0,2.2,0.0,0.2,0.6,0,5929,0.3,,,,0
528,Scarlett,Dane Scarlett,TOT,Spurs,FWD,4.5,0.0,0.0,u,0,0,Has joined Leyton Orient permanently,2026-09-02T16:02:43.413625Z,0,0,0.0,0.0,0.0,0.0,0,0,0,0,0,0,0,0,0,0,0,0,0,0,0.00,0.00,0.00,0.00,0,0,0,0,0,0.0,0.0,0.0,0.0,1.1,0,8234,0.0,,,,0
578,Mudryk,Mykhailo Mudryk,TOT,Spurs,MID,5.3,-0.1,-0.2,i,0,0,Ankle injury - Unknown return date,2026-09-11T18:00:09.154412Z,1,0,1.0,0.3,0.0,0.0,16,0,0,0,0,0,0,0,0,0,0,0,0,3,0.00,0.00,0.00,0.16,0,0,0,0,0.0,0.0,0.1,2.0,0.1,0.0,20,576,0.2,,,,0
601,Williams-Barnett,Luca Williams-Barnett,TOT,Spurs,MID,4.5,0.0,0.0,a,,,,,0,0,0.0,0.0,0.0,0.0,0,0,0,0,0,0,0,0,0,0,0,0,0,0,0.00,0.00,0.00,0.00,0,0,0,0,0,0.0,0.0,0.0,0.0,0.1,171,772,0.0,,,,0
501,Danso,Kevin Danso,SUN,Sunderland,DEF,5.0,0.0,0.0,a,,,,,3,0,1.0,1.0,1.0,1.0,270,3,0,0,0,8,0,0,0,0,0,0,0,7,0.07,0.17,0.24,5.91,19,11,1,20,6.67,55.2,32.9,21.0,11.0,0.2,1190,859,0.6,,,,0
529,Roefs,Robin Roefs,SUN,Sunderland,GKP,4.9,0.0,-0.1,a,,,,,11,0,2.2,1.3,1.3,1.3,450,5,0,0,1,10,0,0,0,0,0,6,0,41,0.00,0.01,0.01,8.66,7,35,0,0,0.0,73.4,0.0,0.0,7.3,2.4,2098,11946,2.2,,,,0
530,Patterson,Anthony Patterson,SUN,Sunderland,GKP,4.0,0.0,0.0,u,0,0,Has joined Wrexham permanently,2026-08-12T14:08:03.064533Z,0,0,0.0,0.0,0.0,0.0,0,0,0,0,0,0,0,0,0,0,0,0,0,0,0.00,0.00,0.00,0.00,0,0,0,0,0,0.0,0.0,0.0,0.0,0.1,0,363,0.0,,,,0
531,Ellborg,Melker Ellborg,SUN,Sunderland,GKP,4.4,-0.1,-0.1,a,,,,,0,0,0.0,0.0,0.0,0.0,0,0,0,0,0,0,0,0,0,0,0,0,0,0,0.00,0.00,0.00,0.00,0,0,0,0,0,0.0,0.0,0.0,0.0,0.1,141,261,0.0,,,,0
532,Ballard,Daniel Ballard,SUN,Sunderland,DEF,4.9,0.0,-0.1,d,,75,Hamstring injury - 75% chance of playing,2026-09-25T21:30:10.370384Z,14,2,2.8,2.0,1.5,2.0,450,5,0,0,1,10,0,0,0,2,0,0,0,31,0.31,0.16,0.47,8.66,39,12,10,49,9.8,104.2,23.8,35.0,16.3,2.5,3617,17952,2.9,,,,0
533,Mukiele,Nordi Mukiele,SUN,Sunderland,DEF,5.4,0.0,-0.1,a,100,100,,2026-08-09T08:30:05.954750Z,13,0,3.2,1.3,1.3,1.3,360,4,0,0,1,8,0,0,0,1,0,0,1,44,0.75,0.28,1.03,6.86,35,16,13,48,12.0,115.6,48.4,59.0,22.3,1.9,5279,9057,2.4,,,,0
534,Hume,Trai Hume,SUN,Sunderland,DEF,4.3,-0.1,-0.2,a,,,,,10,1,2.5,0.7,0.7,0.7,206,2,0,0,1,2,0,0,0,0,0,0,0,44,0.14,0.29,0.43,4.57,3,12,10,13,5.68,32.2,59.0,23.0,11.5,2.8,1250,30359,2.3,3,,,0
535,Alderete,Omar Alderete,SUN,Sunderland,DEF,4.8,-0.1,-0.2,a,100,100,,2026-08-09T08:30:05.962393Z,1,0,1.0,0.0,0.0,0.0,23,0,0,0,0,1,0,0,0,0,0,0,0,2,0.00,0.01,0.01,0.10,0,2,0,0,0.0,0.0,0.6,0.0,0.0,0.2,228,1094,0.2,,,,0
536,Reinildo,Reinildo Mandava,SUN,Sunderland,DEF,4.4,-0.1,-0.1,a,0,100,,2026-09-12T21:30:09.421687Z,7,0,1.8,0.0,0.0,0.0,360,4,0,0,1,5,0,0,0,0,1,0,0,37,0.00,0.32,0.32,5.05,21,18,8,29,7.25,53.8,36.4,6.0,9.5,0.3,216,1590,1.6,,,,0
537,Seelt,Jenson Seelt,SUN,Sunderland,DEF,4.5,0.0,0.0,u,0,0,Has joined Swansea City on loan for the rest of the season,2026-08-29T00:34:52.425076Z,0,0,0.0,0.0,0.0,0.0,0,0,0,0,0,0,0,0,0,0,0,0,0,0,0.00,0.00,0.00,0.00,0,0,0,0,0,0.0,0.0,0.0,0.0,0.0,0,23,0.0,,,,0
538,Hjelde,Leo Fuhr Hjelde,SUN,Sunderland,DEF,4.0,0.0,0.0,u,0,0,Has joined KV Mechelen on loan for the rest of the season,2026-08-12T14:08:03.081789Z,0,0,0.0,0.0,0.0,0.0,0,0,0,0,0,0,0,0,0,0,0,0,0,0,0.00,0.00,0.00,0.00,0,0,0,0,0,0.0,0.0,0.0,0.0,0.0,0,161,0.0,,,,0
539,O'Nien,Luke O'Nien,SUN,Sunderland,DEF,3.9,-0.1,-0.1,a,,,,,1,0,1.0,0.0,0.0,0.0,66,1,0,0,0,1,0,0,0,1,0,0,0,1,0.01,0.01,0.02,1.69,4,4,1,5,6.82,11.4,1.4,4.0,1.7,2.5,18184,11997,0.3,,,,0
540,Masuaku,Arthur Masuaku,SUN,Sunderland,DEF,4.0,0.0,0.0,u,0,0,Has joined Konyaspor permanently,2026-08-12T14:08:03.097784Z,0,0,0.0,0.0,0.0,0.0,0,0,0,0,0,0,0,0,0,0,0,0,0,0,0.00,0.00,0.00,0.00,0,0,0,0,0,0.0,0.0,0.0,0.0,0.1,0,644,0.0,,,,0
541,Meunier,Thomas Meunier,SUN,Sunderland,DEF,4.5,0.0,0.0,a,100,100,,2026-08-16T08:30:07.830062Z,14,3,2.8,2.3,2.3,2.3,396,5,0,1,1,8,0,0,0,0,0,0,0,42,0.34,0.58,0.92,5.94,16,15,4,20,4.55,70.2,41.4,43.0,15.6,0.3,1692,922,3.1,,,,0
542,E.Le Fée,Enzo Le Fée,SUN,Sunderland,MID,5.7,-0.1,-0.3,a,,,,,18,5,3.6,4.3,4.3,4.3,438,5,1,1,1,9,0,0,1,0,0,0,1,90,2.06,1.34,3.40,8.46,3,11,7,21,4.32,88.6,137.3,82.0,31.0,3.4,11783,24664,3.2,1,3,2,0
543,Diarra,Habib Diarra,SUN,Sunderland,MID,5.3,-0.1,-0.2,i,0,0,Hamstring injury - Unknown return date,2026-08-30T16:30:08.428960Z,5,0,2.5,0.0,0.0,0.0,28,0,0,1,0,1,0,0,0,0,0,0,0,18,0.03,0.16,0.19,0.12,0,0,0,0,0.0,15.6,10.9,2.0,2.9,0.0,20,242,0.9,,,1,0
544,Xhaka,Granit Xhaka,SUN,Sunderland,MID,5.5,0.0,0.0,a,,,,,21,2,4.2,2.0,2.0,2.0,450,5,0,1,1,10,0,0,0,2,0,0,5,116,0.06,1.32,1.38,8.66,12,33,9,54,10.8,93.6,191.1,3.0,28.8,3.6,6433,23805,3.8,2,2,,0
545,Sadiki,Noah Sadiki,SUN,Sunderland,MID,4.9,0.0,-0.1,a,,,,,10,2,2.0,1.7,1.7,1.7,410,5,0,0,1,9,0,0,0,1,0,0,0,75,0.44,0.24,0.68,6.47,11,12,6,29,6.37,52.8,59.5,81.0,19.2,0.2,417,1388,2.0,,,,0
546,Adingra,Simon Adingra,SUN,Sunderland,MID,4.9,0.0,-0.1,u,0,0,Has joined Ajax on loan for the rest of the season,2026-08-20T14:00:08.416985Z,0,0,0.0,0.0,0.0,0.0,0,0,0,0,0,0,0,0,0,0,0,0,0,0,0.00,0.00,0.00,0.00,0,0,0,0,0,0.0,0.0,0.0,0.0,0.0,0,191,0.0,,,,0
547,Mundle,Romaine Mundle,SUN,Sunderland,MID,4.9,0.0,-0.1,i,0,0,Knee injury - Unknown return date,2026-09-09T14:00:08.462705Z,1,0,1.0,0.0,0.0,0.0,1,0,0,0,0,0,0,0,0,0,0,0,0,2,0.17,0.00,0.17,0.09,1,0,0,1,90.0,8.0,0.1,17.0,2.5,0.0,10,55,0.2,,,,0
548,Rigg,Chris Rigg,SUN,Sunderland,MID,4.9,0.0,-0.1,a,,,,,2,0,1.0,0.0,0.0,0.0,17,0,0,0,0,1,0,0,0,0,0,0,0,6,0.00,0.00,0.00,0.44,0,1,0,1,5.29,0.0,0.3,0.0,0.0,0.0,33,237,0.4,,,,0
549,Talbi,Chemsdine Talbi,SUN,Sunderland,MID,5.3,0.0,-0.2,a,,,,,1,0,1.0,0.0,0.0,0.0,31,0,0,0,0,1,0,0,0,0,0,0,0,1,0.00,0.00,0.00,0.14,0,2,0,2,5.81,0.0,0.9,0.0,0.0,0.1,113,581,0.2,,,,0
550,Jocelin.T,Djiamgone Jocelin Ta Bi,SUN,Sunderland,MID,5.0,0.0,0.0,a,,,,,0,0,0.0,0.0,0.0,0.0,0,0,0,0,0,0,0,0,0,0,0,0,0,0,0.00,0.00,0.00,0.00,0,0,0,0,0,0.0,0.0,0.0,0.0,0.0,34,44,0.0,,,,0
551,N.Angulo,Nilson Angulo,SUN,Sunderland,MID,5.0,0.0,0.0,a,,,,,16,4,3.2,2.7,2.7,2.7,313,5,1,1,1,7,0,0,0,1,0,0,0,67,0.60,0.13,0.73,4.56,5,14,5,24,6.9,72.2,38.3,47.0,15.7,0.1,525,799,3.2,,1,,0
552,Brobbey,Brian Brobbey,SUN,Sunderland,FWD,5.7,-0.1,-0.3,d,,75,Hamstring injury - 75% chance of playing,2026-09-24T21:30:10.382142Z,24,17,4.8,6.7,5.0,6.7,399,5,3,0,1,9,0,0,0,1,0,0,3,113,2.94,0.11,3.05,8.18,1,10,0,11,2.48,108.4,69.0,142.0,31.7,6.9,196129,48473,4.2,,,,1
553,Isidor,Wilson Isidor,SUN,Sunderland,FWD,5.5,0.0,0.0,a,,,,,15,1,3.0,2.0,2.0,2.0,117,0,1,1,0,3,0,0,0,0,0,0,3,51,1.49,0.01,1.50,3.78,0,3,2,5,3.85,30.8,1.0,35.0,6.7,1.3,3456,11821,2.7,,,,0
612,Methalie,Dayann Méthalie,SUN,Sunderland,DEF,4.5,0.0,0.0,a,100,100,,2026-08-28T13:00:08.950445Z,-1,-1,-1.0,-0.3,-0.3,-0.3,90,1,0,0,0,5,0,0,0,1,0,0,0,-8,0.03,0.01,0.04,2.82,2,4,1,3,3.0,8.0,2.0,2.0,1.2,0.0,118,70,-0.2,,,,0
613,Ahoka,Jules Ahoka,SUN,Sunderland,MID,4.5,0.0,0.0,a,,,,,0,0,0.0,0.0,0.0,0.0,0,0,0,0,0,0,0,0,0,0,0,0,0,0,0.00,0.00,0.00,0.00,0,0,0,0,0,0.0,0.0,0.0,0.0,0.2,606,1636,0.0,,,,0
646,Fofana,Malick Fofana,SUN,Sunderland,MID,5.5,0.0,0.0,a,,,,,3,1,1.0,1.0,1.0,1.0,60,0,0,0,0,2,0,0,0,0,0,0,0,11,0.39,0.01,0.40,3.25,0,2,1,3,4.5,12.4,2.1,44.0,5.8,0.0,339,309,0.5,,,,0
651,J.Angulo,Juan Angulo,SUN,Sunderland,FWD,4.5,0.0,0.0,a,,,,,0,0,0.0,0.0,0.0,0.0,0,0,0,0,0,0,0,0,0,0,0,0,0,0,0.00,0.00,0.00,0.00,0,0,0,0,0,0.0,0.0,0.0,0.0,0.7,9049,7420,0.0,,,,0
